run_id,config_hash,source_hash,dataset,task,model,model_family,seed,split,run_dir
atlas_het_coordinate__node_classification__ambient_vector_gnn__split0__seed0__70acd6d2de0f,70acd6d2de0f,13cd544cee4412a5,atlas_het_coordinate,node_classification,ambient_vector_gnn,ambient_vector_gnn,0,0,outputs\runs\atlas_het_coordinate\node_classification\ambient_vector_gnn\split_0\seed_0\cfg_70acd6d2de0f
atlas_het_coordinate__node_classification__ambient_vector_gnn__split0__seed1__e7185c3ce19c,e7185c3ce19c,13cd544cee4412a5,atlas_het_coordinate,node_classification,ambient_vector_gnn,ambient_vector_gnn,1,0,outputs\runs\atlas_het_coordinate\node_classification\ambient_vector_gnn\split_0\seed_1\cfg_e7185c3ce19c
atlas_het_coordinate__node_classification__ambient_vector_gnn__split0__seed2__6e13781fb6b1,6e13781fb6b1,13cd544cee4412a5,atlas_het_coordinate,node_classification,ambient_vector_gnn,ambient_vector_gnn,2,0,outputs\runs\atlas_het_coordinate\node_classification\ambient_vector_gnn\split_0\seed_2\cfg_6e13781fb6b1
atlas_het_coordinate__node_classification__ambient_vector_gnn__split0__seed3__060b139ee24b,060b139ee24b,13cd544cee4412a5,atlas_het_coordinate,node_classification,ambient_vector_gnn,ambient_vector_gnn,3,0,outputs\runs\atlas_het_coordinate\node_classification\ambient_vector_gnn\split_0\seed_3\cfg_060b139ee24b
atlas_het_coordinate__node_classification__ambient_vector_gnn__split0__seed4__36468b4e825a,36468b4e825a,13cd544cee4412a5,atlas_het_coordinate,node_classification,ambient_vector_gnn,ambient_vector_gnn,4,0,outputs\runs\atlas_het_coordinate\node_classification\ambient_vector_gnn\split_0\seed_4\cfg_36468b4e825a
atlas_het_coordinate__node_classification__ambient_vector_gnn__split0__seed5__3f512dcdaca5,3f512dcdaca5,13cd544cee4412a5,atlas_het_coordinate,node_classification,ambient_vector_gnn,ambient_vector_gnn,5,0,outputs\runs\atlas_het_coordinate\node_classification\ambient_vector_gnn\split_0\seed_5\cfg_3f512dcdaca5
atlas_het_coordinate__node_classification__ambient_vector_gnn__split0__seed6__8c350ade2179,8c350ade2179,13cd544cee4412a5,atlas_het_coordinate,node_classification,ambient_vector_gnn,ambient_vector_gnn,6,0,outputs\runs\atlas_het_coordinate\node_classification\ambient_vector_gnn\split_0\seed_6\cfg_8c350ade2179
atlas_het_coordinate__node_classification__ambient_vector_gnn__split0__seed7__a3ac1185e5b8,a3ac1185e5b8,13cd544cee4412a5,atlas_het_coordinate,node_classification,ambient_vector_gnn,ambient_vector_gnn,7,0,outputs\runs\atlas_het_coordinate\node_classification\ambient_vector_gnn\split_0\seed_7\cfg_a3ac1185e5b8
atlas_het_coordinate__node_classification__ambient_vector_gnn__split0__seed8__47a07164ce17,47a07164ce17,13cd544cee4412a5,atlas_het_coordinate,node_classification,ambient_vector_gnn,ambient_vector_gnn,8,0,outputs\runs\atlas_het_coordinate\node_classification\ambient_vector_gnn\split_0\seed_8\cfg_47a07164ce17
atlas_het_coordinate__node_classification__ambient_vector_gnn__split0__seed9__9fa325a037d3,9fa325a037d3,13cd544cee4412a5,atlas_het_coordinate,node_classification,ambient_vector_gnn,ambient_vector_gnn,9,0,outputs\runs\atlas_het_coordinate\node_classification\ambient_vector_gnn\split_0\seed_9\cfg_9fa325a037d3
atlas_het_coordinate__node_classification__geometry_moe__split0__seed0__315bac9b9dcd,315bac9b9dcd,13cd544cee4412a5,atlas_het_coordinate,node_classification,geometry_moe,geometry_moe,0,0,outputs\runs\atlas_het_coordinate\node_classification\geometry_moe\split_0\seed_0\cfg_315bac9b9dcd
atlas_het_coordinate__node_classification__geometry_moe__split0__seed1__a3cf845d6606,a3cf845d6606,13cd544cee4412a5,atlas_het_coordinate,node_classification,geometry_moe,geometry_moe,1,0,outputs\runs\atlas_het_coordinate\node_classification\geometry_moe\split_0\seed_1\cfg_a3cf845d6606
atlas_het_coordinate__node_classification__geometry_moe__split0__seed2__1af055a36022,1af055a36022,13cd544cee4412a5,atlas_het_coordinate,node_classification,geometry_moe,geometry_moe,2,0,outputs\runs\atlas_het_coordinate\node_classification\geometry_moe\split_0\seed_2\cfg_1af055a36022
atlas_het_coordinate__node_classification__geometry_moe__split0__seed3__44c674feccc5,44c674feccc5,13cd544cee4412a5,atlas_het_coordinate,node_classification,geometry_moe,geometry_moe,3,0,outputs\runs\atlas_het_coordinate\node_classification\geometry_moe\split_0\seed_3\cfg_44c674feccc5
atlas_het_coordinate__node_classification__geometry_moe__split0__seed4__a1c6b4fe2d71,a1c6b4fe2d71,13cd544cee4412a5,atlas_het_coordinate,node_classification,geometry_moe,geometry_moe,4,0,outputs\runs\atlas_het_coordinate\node_classification\geometry_moe\split_0\seed_4\cfg_a1c6b4fe2d71
atlas_het_coordinate__node_classification__geometry_moe__split0__seed5__a49da1f4bbbf,a49da1f4bbbf,13cd544cee4412a5,atlas_het_coordinate,node_classification,geometry_moe,geometry_moe,5,0,outputs\runs\atlas_het_coordinate\node_classification\geometry_moe\split_0\seed_5\cfg_a49da1f4bbbf
atlas_het_coordinate__node_classification__geometry_moe__split0__seed6__03f762d5bda8,03f762d5bda8,13cd544cee4412a5,atlas_het_coordinate,node_classification,geometry_moe,geometry_moe,6,0,outputs\runs\atlas_het_coordinate\node_classification\geometry_moe\split_0\seed_6\cfg_03f762d5bda8
atlas_het_coordinate__node_classification__geometry_moe__split0__seed7__5a9fdbba9299,5a9fdbba9299,13cd544cee4412a5,atlas_het_coordinate,node_classification,geometry_moe,geometry_moe,7,0,outputs\runs\atlas_het_coordinate\node_classification\geometry_moe\split_0\seed_7\cfg_5a9fdbba9299
atlas_het_coordinate__node_classification__geometry_moe__split0__seed8__907101c48510,907101c48510,13cd544cee4412a5,atlas_het_coordinate,node_classification,geometry_moe,geometry_moe,8,0,outputs\runs\atlas_het_coordinate\node_classification\geometry_moe\split_0\seed_8\cfg_907101c48510
atlas_het_coordinate__node_classification__geometry_moe__split0__seed9__3cc660865de4,3cc660865de4,13cd544cee4412a5,atlas_het_coordinate,node_classification,geometry_moe,geometry_moe,9,0,outputs\runs\atlas_het_coordinate\node_classification\geometry_moe\split_0\seed_9\cfg_3cc660865de4
atlas_het_coordinate__node_classification__graphatlas_free_transition__split0__seed0__dd79f642bc5e,dd79f642bc5e,13cd544cee4412a5,atlas_het_coordinate,node_classification,graphatlas_free_transition,graphatlas_free_transition,0,0,outputs\runs\atlas_het_coordinate\node_classification\graphatlas_free_transition\split_0\seed_0\cfg_dd79f642bc5e
atlas_het_coordinate__node_classification__graphatlas_free_transition__split0__seed1__2fe423e41367,2fe423e41367,13cd544cee4412a5,atlas_het_coordinate,node_classification,graphatlas_free_transition,graphatlas_free_transition,1,0,outputs\runs\atlas_het_coordinate\node_classification\graphatlas_free_transition\split_0\seed_1\cfg_2fe423e41367
atlas_het_coordinate__node_classification__graphatlas_free_transition__split0__seed2__488144eb3e91,488144eb3e91,13cd544cee4412a5,atlas_het_coordinate,node_classification,graphatlas_free_transition,graphatlas_free_transition,2,0,outputs\runs\atlas_het_coordinate\node_classification\graphatlas_free_transition\split_0\seed_2\cfg_488144eb3e91
atlas_het_coordinate__node_classification__graphatlas_free_transition__split0__seed3__6d4908773584,6d4908773584,13cd544cee4412a5,atlas_het_coordinate,node_classification,graphatlas_free_transition,graphatlas_free_transition,3,0,outputs\runs\atlas_het_coordinate\node_classification\graphatlas_free_transition\split_0\seed_3\cfg_6d4908773584
atlas_het_coordinate__node_classification__graphatlas_free_transition__split0__seed4__ccf52989a358,ccf52989a358,13cd544cee4412a5,atlas_het_coordinate,node_classification,graphatlas_free_transition,graphatlas_free_transition,4,0,outputs\runs\atlas_het_coordinate\node_classification\graphatlas_free_transition\split_0\seed_4\cfg_ccf52989a358
atlas_het_coordinate__node_classification__graphatlas_free_transition__split0__seed5__ed8731252542,ed8731252542,13cd544cee4412a5,atlas_het_coordinate,node_classification,graphatlas_free_transition,graphatlas_free_transition,5,0,outputs\runs\atlas_het_coordinate\node_classification\graphatlas_free_transition\split_0\seed_5\cfg_ed8731252542
atlas_het_coordinate__node_classification__graphatlas_free_transition__split0__seed6__ed9650742afd,ed9650742afd,13cd544cee4412a5,atlas_het_coordinate,node_classification,graphatlas_free_transition,graphatlas_free_transition,6,0,outputs\runs\atlas_het_coordinate\node_classification\graphatlas_free_transition\split_0\seed_6\cfg_ed9650742afd
atlas_het_coordinate__node_classification__graphatlas_free_transition__split0__seed7__08625bfc573c,08625bfc573c,13cd544cee4412a5,atlas_het_coordinate,node_classification,graphatlas_free_transition,graphatlas_free_transition,7,0,outputs\runs\atlas_het_coordinate\node_classification\graphatlas_free_transition\split_0\seed_7\cfg_08625bfc573c
atlas_het_coordinate__node_classification__graphatlas_free_transition__split0__seed8__2cf1f0df62f1,2cf1f0df62f1,13cd544cee4412a5,atlas_het_coordinate,node_classification,graphatlas_free_transition,graphatlas_free_transition,8,0,outputs\runs\atlas_het_coordinate\node_classification\graphatlas_free_transition\split_0\seed_8\cfg_2cf1f0df62f1
atlas_het_coordinate__node_classification__graphatlas_free_transition__split0__seed9__5b86aa2d853f,5b86aa2d853f,13cd544cee4412a5,atlas_het_coordinate,node_classification,graphatlas_free_transition,graphatlas_free_transition,9,0,outputs\runs\atlas_het_coordinate\node_classification\graphatlas_free_transition\split_0\seed_9\cfg_5b86aa2d853f
atlas_het_coordinate__node_classification__graphatlas_no_metric__split0__seed0__7813e1ea406a,7813e1ea406a,13cd544cee4412a5,atlas_het_coordinate,node_classification,graphatlas_no_metric,graphatlas_no_metric,0,0,outputs\runs\atlas_het_coordinate\node_classification\graphatlas_no_metric\split_0\seed_0\cfg_7813e1ea406a
atlas_het_coordinate__node_classification__graphatlas_no_metric__split0__seed1__19da363eb349,19da363eb349,13cd544cee4412a5,atlas_het_coordinate,node_classification,graphatlas_no_metric,graphatlas_no_metric,1,0,outputs\runs\atlas_het_coordinate\node_classification\graphatlas_no_metric\split_0\seed_1\cfg_19da363eb349
atlas_het_coordinate__node_classification__graphatlas_no_metric__split0__seed2__071844dadc92,071844dadc92,13cd544cee4412a5,atlas_het_coordinate,node_classification,graphatlas_no_metric,graphatlas_no_metric,2,0,outputs\runs\atlas_het_coordinate\node_classification\graphatlas_no_metric\split_0\seed_2\cfg_071844dadc92
atlas_het_coordinate__node_classification__graphatlas_no_metric__split0__seed3__bef4aa63ef75,bef4aa63ef75,13cd544cee4412a5,atlas_het_coordinate,node_classification,graphatlas_no_metric,graphatlas_no_metric,3,0,outputs\runs\atlas_het_coordinate\node_classification\graphatlas_no_metric\split_0\seed_3\cfg_bef4aa63ef75
atlas_het_coordinate__node_classification__graphatlas_no_metric__split0__seed4__a4748bb1f216,a4748bb1f216,13cd544cee4412a5,atlas_het_coordinate,node_classification,graphatlas_no_metric,graphatlas_no_metric,4,0,outputs\runs\atlas_het_coordinate\node_classification\graphatlas_no_metric\split_0\seed_4\cfg_a4748bb1f216
atlas_het_coordinate__node_classification__graphatlas_no_metric__split0__seed5__07369f064a1c,07369f064a1c,13cd544cee4412a5,atlas_het_coordinate,node_classification,graphatlas_no_metric,graphatlas_no_metric,5,0,outputs\runs\atlas_het_coordinate\node_classification\graphatlas_no_metric\split_0\seed_5\cfg_07369f064a1c
atlas_het_coordinate__node_classification__graphatlas_no_metric__split0__seed6__a84bbb8f136e,a84bbb8f136e,13cd544cee4412a5,atlas_het_coordinate,node_classification,graphatlas_no_metric,graphatlas_no_metric,6,0,outputs\runs\atlas_het_coordinate\node_classification\graphatlas_no_metric\split_0\seed_6\cfg_a84bbb8f136e
atlas_het_coordinate__node_classification__graphatlas_no_metric__split0__seed7__96d620aff49e,96d620aff49e,13cd544cee4412a5,atlas_het_coordinate,node_classification,graphatlas_no_metric,graphatlas_no_metric,7,0,outputs\runs\atlas_het_coordinate\node_classification\graphatlas_no_metric\split_0\seed_7\cfg_96d620aff49e
atlas_het_coordinate__node_classification__graphatlas_no_metric__split0__seed8__ab486816d5d5,ab486816d5d5,13cd544cee4412a5,atlas_het_coordinate,node_classification,graphatlas_no_metric,graphatlas_no_metric,8,0,outputs\runs\atlas_het_coordinate\node_classification\graphatlas_no_metric\split_0\seed_8\cfg_ab486816d5d5
atlas_het_coordinate__node_classification__graphatlas_no_metric__split0__seed9__220976c43dc8,220976c43dc8,13cd544cee4412a5,atlas_het_coordinate,node_classification,graphatlas_no_metric,graphatlas_no_metric,9,0,outputs\runs\atlas_het_coordinate\node_classification\graphatlas_no_metric\split_0\seed_9\cfg_220976c43dc8
atlas_het_coordinate__node_classification__graphatlas_no_cocycle__split0__seed0__1a645a147567,1a645a147567,13cd544cee4412a5,atlas_het_coordinate,node_classification,graphatlas_no_cocycle,graphatlas_no_cocycle,0,0,outputs\runs\atlas_het_coordinate\node_classification\graphatlas_no_cocycle\split_0\seed_0\cfg_1a645a147567
atlas_het_coordinate__node_classification__graphatlas_no_cocycle__split0__seed1__ed6422f6df09,ed6422f6df09,13cd544cee4412a5,atlas_het_coordinate,node_classification,graphatlas_no_cocycle,graphatlas_no_cocycle,1,0,outputs\runs\atlas_het_coordinate\node_classification\graphatlas_no_cocycle\split_0\seed_1\cfg_ed6422f6df09
atlas_het_coordinate__node_classification__graphatlas_no_cocycle__split0__seed2__63b0d4ce0a27,63b0d4ce0a27,13cd544cee4412a5,atlas_het_coordinate,node_classification,graphatlas_no_cocycle,graphatlas_no_cocycle,2,0,outputs\runs\atlas_het_coordinate\node_classification\graphatlas_no_cocycle\split_0\seed_2\cfg_63b0d4ce0a27
atlas_het_coordinate__node_classification__graphatlas_no_cocycle__split0__seed3__36d756436864,36d756436864,13cd544cee4412a5,atlas_het_coordinate,node_classification,graphatlas_no_cocycle,graphatlas_no_cocycle,3,0,outputs\runs\atlas_het_coordinate\node_classification\graphatlas_no_cocycle\split_0\seed_3\cfg_36d756436864
atlas_het_coordinate__node_classification__graphatlas_no_cocycle__split0__seed4__1bdb7e677e5d,1bdb7e677e5d,13cd544cee4412a5,atlas_het_coordinate,node_classification,graphatlas_no_cocycle,graphatlas_no_cocycle,4,0,outputs\runs\atlas_het_coordinate\node_classification\graphatlas_no_cocycle\split_0\seed_4\cfg_1bdb7e677e5d
atlas_het_coordinate__node_classification__graphatlas_no_cocycle__split0__seed5__f15f27e38f56,f15f27e38f56,13cd544cee4412a5,atlas_het_coordinate,node_classification,graphatlas_no_cocycle,graphatlas_no_cocycle,5,0,outputs\runs\atlas_het_coordinate\node_classification\graphatlas_no_cocycle\split_0\seed_5\cfg_f15f27e38f56
atlas_het_coordinate__node_classification__graphatlas_no_cocycle__split0__seed6__fbfb666d8a53,fbfb666d8a53,13cd544cee4412a5,atlas_het_coordinate,node_classification,graphatlas_no_cocycle,graphatlas_no_cocycle,6,0,outputs\runs\atlas_het_coordinate\node_classification\graphatlas_no_cocycle\split_0\seed_6\cfg_fbfb666d8a53
atlas_het_coordinate__node_classification__graphatlas_no_cocycle__split0__seed7__2720587e3c73,2720587e3c73,13cd544cee4412a5,atlas_het_coordinate,node_classification,graphatlas_no_cocycle,graphatlas_no_cocycle,7,0,outputs\runs\atlas_het_coordinate\node_classification\graphatlas_no_cocycle\split_0\seed_7\cfg_2720587e3c73
atlas_het_coordinate__node_classification__graphatlas_no_cocycle__split0__seed8__3689f09b897d,3689f09b897d,13cd544cee4412a5,atlas_het_coordinate,node_classification,graphatlas_no_cocycle,graphatlas_no_cocycle,8,0,outputs\runs\atlas_het_coordinate\node_classification\graphatlas_no_cocycle\split_0\seed_8\cfg_3689f09b897d
atlas_het_coordinate__node_classification__graphatlas_no_cocycle__split0__seed9__5e887b61d0bf,5e887b61d0bf,13cd544cee4412a5,atlas_het_coordinate,node_classification,graphatlas_no_cocycle,graphatlas_no_cocycle,9,0,outputs\runs\atlas_het_coordinate\node_classification\graphatlas_no_cocycle\split_0\seed_9\cfg_5e887b61d0bf
atlas_het_coordinate__node_classification__graphatlas_no_rank__split0__seed0__5b8dafb872b0,5b8dafb872b0,13cd544cee4412a5,atlas_het_coordinate,node_classification,graphatlas_no_rank,graphatlas_no_rank,0,0,outputs\runs\atlas_het_coordinate\node_classification\graphatlas_no_rank\split_0\seed_0\cfg_5b8dafb872b0
atlas_het_coordinate__node_classification__graphatlas_no_rank__split0__seed1__521bdeb86267,521bdeb86267,13cd544cee4412a5,atlas_het_coordinate,node_classification,graphatlas_no_rank,graphatlas_no_rank,1,0,outputs\runs\atlas_het_coordinate\node_classification\graphatlas_no_rank\split_0\seed_1\cfg_521bdeb86267
atlas_het_coordinate__node_classification__graphatlas_no_rank__split0__seed2__0d107f246826,0d107f246826,13cd544cee4412a5,atlas_het_coordinate,node_classification,graphatlas_no_rank,graphatlas_no_rank,2,0,outputs\runs\atlas_het_coordinate\node_classification\graphatlas_no_rank\split_0\seed_2\cfg_0d107f246826
atlas_het_coordinate__node_classification__graphatlas_no_rank__split0__seed3__f53ebfc8369f,f53ebfc8369f,13cd544cee4412a5,atlas_het_coordinate,node_classification,graphatlas_no_rank,graphatlas_no_rank,3,0,outputs\runs\atlas_het_coordinate\node_classification\graphatlas_no_rank\split_0\seed_3\cfg_f53ebfc8369f
atlas_het_coordinate__node_classification__graphatlas_no_rank__split0__seed4__2ed27fa435d6,2ed27fa435d6,13cd544cee4412a5,atlas_het_coordinate,node_classification,graphatlas_no_rank,graphatlas_no_rank,4,0,outputs\runs\atlas_het_coordinate\node_classification\graphatlas_no_rank\split_0\seed_4\cfg_2ed27fa435d6
atlas_het_coordinate__node_classification__graphatlas_no_rank__split0__seed5__a7f381de660b,a7f381de660b,13cd544cee4412a5,atlas_het_coordinate,node_classification,graphatlas_no_rank,graphatlas_no_rank,5,0,outputs\runs\atlas_het_coordinate\node_classification\graphatlas_no_rank\split_0\seed_5\cfg_a7f381de660b
atlas_het_coordinate__node_classification__graphatlas_no_rank__split0__seed6__5d1d7971af93,5d1d7971af93,13cd544cee4412a5,atlas_het_coordinate,node_classification,graphatlas_no_rank,graphatlas_no_rank,6,0,outputs\runs\atlas_het_coordinate\node_classification\graphatlas_no_rank\split_0\seed_6\cfg_5d1d7971af93
atlas_het_coordinate__node_classification__graphatlas_no_rank__split0__seed7__36955b0eba23,36955b0eba23,13cd544cee4412a5,atlas_het_coordinate,node_classification,graphatlas_no_rank,graphatlas_no_rank,7,0,outputs\runs\atlas_het_coordinate\node_classification\graphatlas_no_rank\split_0\seed_7\cfg_36955b0eba23
atlas_het_coordinate__node_classification__graphatlas_no_rank__split0__seed8__b04284ca804c,b04284ca804c,13cd544cee4412a5,atlas_het_coordinate,node_classification,graphatlas_no_rank,graphatlas_no_rank,8,0,outputs\runs\atlas_het_coordinate\node_classification\graphatlas_no_rank\split_0\seed_8\cfg_b04284ca804c
atlas_het_coordinate__node_classification__graphatlas_no_rank__split0__seed9__8a74d4b295f0,8a74d4b295f0,13cd544cee4412a5,atlas_het_coordinate,node_classification,graphatlas_no_rank,graphatlas_no_rank,9,0,outputs\runs\atlas_het_coordinate\node_classification\graphatlas_no_rank\split_0\seed_9\cfg_8a74d4b295f0
atlas_het_coordinate__node_classification__graphatlas_no_overlap__split0__seed0__c1de8bf33e3a,c1de8bf33e3a,13cd544cee4412a5,atlas_het_coordinate,node_classification,graphatlas_no_overlap,graphatlas_no_overlap,0,0,outputs\runs\atlas_het_coordinate\node_classification\graphatlas_no_overlap\split_0\seed_0\cfg_c1de8bf33e3a
atlas_het_coordinate__node_classification__graphatlas_no_overlap__split0__seed1__b29690bff1b7,b29690bff1b7,13cd544cee4412a5,atlas_het_coordinate,node_classification,graphatlas_no_overlap,graphatlas_no_overlap,1,0,outputs\runs\atlas_het_coordinate\node_classification\graphatlas_no_overlap\split_0\seed_1\cfg_b29690bff1b7
atlas_het_coordinate__node_classification__graphatlas_no_overlap__split0__seed2__903dc5c166b3,903dc5c166b3,13cd544cee4412a5,atlas_het_coordinate,node_classification,graphatlas_no_overlap,graphatlas_no_overlap,2,0,outputs\runs\atlas_het_coordinate\node_classification\graphatlas_no_overlap\split_0\seed_2\cfg_903dc5c166b3
atlas_het_coordinate__node_classification__graphatlas_no_overlap__split0__seed3__9b911fc8f00b,9b911fc8f00b,13cd544cee4412a5,atlas_het_coordinate,node_classification,graphatlas_no_overlap,graphatlas_no_overlap,3,0,outputs\runs\atlas_het_coordinate\node_classification\graphatlas_no_overlap\split_0\seed_3\cfg_9b911fc8f00b
atlas_het_coordinate__node_classification__graphatlas_no_overlap__split0__seed4__97e8d16894ea,97e8d16894ea,13cd544cee4412a5,atlas_het_coordinate,node_classification,graphatlas_no_overlap,graphatlas_no_overlap,4,0,outputs\runs\atlas_het_coordinate\node_classification\graphatlas_no_overlap\split_0\seed_4\cfg_97e8d16894ea
atlas_het_coordinate__node_classification__graphatlas_no_overlap__split0__seed5__ab745817d0d5,ab745817d0d5,13cd544cee4412a5,atlas_het_coordinate,node_classification,graphatlas_no_overlap,graphatlas_no_overlap,5,0,outputs\runs\atlas_het_coordinate\node_classification\graphatlas_no_overlap\split_0\seed_5\cfg_ab745817d0d5
atlas_het_coordinate__node_classification__graphatlas_no_overlap__split0__seed6__be3ed2464fac,be3ed2464fac,13cd544cee4412a5,atlas_het_coordinate,node_classification,graphatlas_no_overlap,graphatlas_no_overlap,6,0,outputs\runs\atlas_het_coordinate\node_classification\graphatlas_no_overlap\split_0\seed_6\cfg_be3ed2464fac
atlas_het_coordinate__node_classification__graphatlas_no_overlap__split0__seed7__d41f0c5f9e94,d41f0c5f9e94,13cd544cee4412a5,atlas_het_coordinate,node_classification,graphatlas_no_overlap,graphatlas_no_overlap,7,0,outputs\runs\atlas_het_coordinate\node_classification\graphatlas_no_overlap\split_0\seed_7\cfg_d41f0c5f9e94
atlas_het_coordinate__node_classification__graphatlas_no_overlap__split0__seed8__898a24a363c8,898a24a363c8,13cd544cee4412a5,atlas_het_coordinate,node_classification,graphatlas_no_overlap,graphatlas_no_overlap,8,0,outputs\runs\atlas_het_coordinate\node_classification\graphatlas_no_overlap\split_0\seed_8\cfg_898a24a363c8
atlas_het_coordinate__node_classification__graphatlas_no_overlap__split0__seed9__bc97a046c516,bc97a046c516,13cd544cee4412a5,atlas_het_coordinate,node_classification,graphatlas_no_overlap,graphatlas_no_overlap,9,0,outputs\runs\atlas_het_coordinate\node_classification\graphatlas_no_overlap\split_0\seed_9\cfg_bc97a046c516
atlas_het_coordinate__node_classification__graphatlas__split0__seed0__d8be93898fe9,d8be93898fe9,13cd544cee4412a5,atlas_het_coordinate,node_classification,graphatlas,graphatlas,0,0,outputs\runs\atlas_het_coordinate\node_classification\graphatlas\split_0\seed_0\cfg_d8be93898fe9
atlas_het_coordinate__node_classification__graphatlas__split0__seed1__ebe5184b3b04,ebe5184b3b04,13cd544cee4412a5,atlas_het_coordinate,node_classification,graphatlas,graphatlas,1,0,outputs\runs\atlas_het_coordinate\node_classification\graphatlas\split_0\seed_1\cfg_ebe5184b3b04
atlas_het_coordinate__node_classification__graphatlas__split0__seed2__c2841f40673e,c2841f40673e,13cd544cee4412a5,atlas_het_coordinate,node_classification,graphatlas,graphatlas,2,0,outputs\runs\atlas_het_coordinate\node_classification\graphatlas\split_0\seed_2\cfg_c2841f40673e
atlas_het_coordinate__node_classification__graphatlas__split0__seed3__f19e1975b7e1,f19e1975b7e1,13cd544cee4412a5,atlas_het_coordinate,node_classification,graphatlas,graphatlas,3,0,outputs\runs\atlas_het_coordinate\node_classification\graphatlas\split_0\seed_3\cfg_f19e1975b7e1
atlas_het_coordinate__node_classification__graphatlas__split0__seed4__6f5f8b47cebe,6f5f8b47cebe,13cd544cee4412a5,atlas_het_coordinate,node_classification,graphatlas,graphatlas,4,0,outputs\runs\atlas_het_coordinate\node_classification\graphatlas\split_0\seed_4\cfg_6f5f8b47cebe
atlas_het_coordinate__node_classification__graphatlas__split0__seed5__eaf3c5cfa8f7,eaf3c5cfa8f7,13cd544cee4412a5,atlas_het_coordinate,node_classification,graphatlas,graphatlas,5,0,outputs\runs\atlas_het_coordinate\node_classification\graphatlas\split_0\seed_5\cfg_eaf3c5cfa8f7
atlas_het_coordinate__node_classification__graphatlas__split0__seed6__f729533c5e18,f729533c5e18,13cd544cee4412a5,atlas_het_coordinate,node_classification,graphatlas,graphatlas,6,0,outputs\runs\atlas_het_coordinate\node_classification\graphatlas\split_0\seed_6\cfg_f729533c5e18
atlas_het_coordinate__node_classification__graphatlas__split0__seed7__bb6163e59e84,bb6163e59e84,13cd544cee4412a5,atlas_het_coordinate,node_classification,graphatlas,graphatlas,7,0,outputs\runs\atlas_het_coordinate\node_classification\graphatlas\split_0\seed_7\cfg_bb6163e59e84
atlas_het_coordinate__node_classification__graphatlas__split0__seed8__0f72257cebe6,0f72257cebe6,13cd544cee4412a5,atlas_het_coordinate,node_classification,graphatlas,graphatlas,8,0,outputs\runs\atlas_het_coordinate\node_classification\graphatlas\split_0\seed_8\cfg_0f72257cebe6
atlas_het_coordinate__node_classification__graphatlas__split0__seed9__4b3b7de7b0aa,4b3b7de7b0aa,13cd544cee4412a5,atlas_het_coordinate,node_classification,graphatlas,graphatlas,9,0,outputs\runs\atlas_het_coordinate\node_classification\graphatlas\split_0\seed_9\cfg_4b3b7de7b0aa
atlas_het_mixed_metric__node_classification__ambient_vector_gnn__split0__seed0__fac25acdd9b8,fac25acdd9b8,13cd544cee4412a5,atlas_het_mixed_metric,node_classification,ambient_vector_gnn,ambient_vector_gnn,0,0,outputs\runs\atlas_het_mixed_metric\node_classification\ambient_vector_gnn\split_0\seed_0\cfg_fac25acdd9b8
atlas_het_mixed_metric__node_classification__ambient_vector_gnn__split0__seed1__d66516e62e93,d66516e62e93,13cd544cee4412a5,atlas_het_mixed_metric,node_classification,ambient_vector_gnn,ambient_vector_gnn,1,0,outputs\runs\atlas_het_mixed_metric\node_classification\ambient_vector_gnn\split_0\seed_1\cfg_d66516e62e93
atlas_het_mixed_metric__node_classification__ambient_vector_gnn__split0__seed2__53b70796928d,53b70796928d,13cd544cee4412a5,atlas_het_mixed_metric,node_classification,ambient_vector_gnn,ambient_vector_gnn,2,0,outputs\runs\atlas_het_mixed_metric\node_classification\ambient_vector_gnn\split_0\seed_2\cfg_53b70796928d
atlas_het_mixed_metric__node_classification__ambient_vector_gnn__split0__seed3__286401ef9e3b,286401ef9e3b,13cd544cee4412a5,atlas_het_mixed_metric,node_classification,ambient_vector_gnn,ambient_vector_gnn,3,0,outputs\runs\atlas_het_mixed_metric\node_classification\ambient_vector_gnn\split_0\seed_3\cfg_286401ef9e3b
atlas_het_mixed_metric__node_classification__ambient_vector_gnn__split0__seed4__e36b16851ec7,e36b16851ec7,13cd544cee4412a5,atlas_het_mixed_metric,node_classification,ambient_vector_gnn,ambient_vector_gnn,4,0,outputs\runs\atlas_het_mixed_metric\node_classification\ambient_vector_gnn\split_0\seed_4\cfg_e36b16851ec7
atlas_het_mixed_metric__node_classification__ambient_vector_gnn__split0__seed5__7fe489e66051,7fe489e66051,13cd544cee4412a5,atlas_het_mixed_metric,node_classification,ambient_vector_gnn,ambient_vector_gnn,5,0,outputs\runs\atlas_het_mixed_metric\node_classification\ambient_vector_gnn\split_0\seed_5\cfg_7fe489e66051
atlas_het_mixed_metric__node_classification__ambient_vector_gnn__split0__seed6__a9b546948fc2,a9b546948fc2,13cd544cee4412a5,atlas_het_mixed_metric,node_classification,ambient_vector_gnn,ambient_vector_gnn,6,0,outputs\runs\atlas_het_mixed_metric\node_classification\ambient_vector_gnn\split_0\seed_6\cfg_a9b546948fc2
atlas_het_mixed_metric__node_classification__ambient_vector_gnn__split0__seed7__ef9909fca55b,ef9909fca55b,13cd544cee4412a5,atlas_het_mixed_metric,node_classification,ambient_vector_gnn,ambient_vector_gnn,7,0,outputs\runs\atlas_het_mixed_metric\node_classification\ambient_vector_gnn\split_0\seed_7\cfg_ef9909fca55b
atlas_het_mixed_metric__node_classification__ambient_vector_gnn__split0__seed8__80856dbc0221,80856dbc0221,13cd544cee4412a5,atlas_het_mixed_metric,node_classification,ambient_vector_gnn,ambient_vector_gnn,8,0,outputs\runs\atlas_het_mixed_metric\node_classification\ambient_vector_gnn\split_0\seed_8\cfg_80856dbc0221
atlas_het_mixed_metric__node_classification__ambient_vector_gnn__split0__seed9__eab1aefbaf97,eab1aefbaf97,13cd544cee4412a5,atlas_het_mixed_metric,node_classification,ambient_vector_gnn,ambient_vector_gnn,9,0,outputs\runs\atlas_het_mixed_metric\node_classification\ambient_vector_gnn\split_0\seed_9\cfg_eab1aefbaf97
atlas_het_mixed_metric__node_classification__geometry_moe__split0__seed0__b7acd80a5e96,b7acd80a5e96,13cd544cee4412a5,atlas_het_mixed_metric,node_classification,geometry_moe,geometry_moe,0,0,outputs\runs\atlas_het_mixed_metric\node_classification\geometry_moe\split_0\seed_0\cfg_b7acd80a5e96
atlas_het_mixed_metric__node_classification__geometry_moe__split0__seed1__4bdd94014ffc,4bdd94014ffc,13cd544cee4412a5,atlas_het_mixed_metric,node_classification,geometry_moe,geometry_moe,1,0,outputs\runs\atlas_het_mixed_metric\node_classification\geometry_moe\split_0\seed_1\cfg_4bdd94014ffc
atlas_het_mixed_metric__node_classification__geometry_moe__split0__seed2__ec454435e4c6,ec454435e4c6,13cd544cee4412a5,atlas_het_mixed_metric,node_classification,geometry_moe,geometry_moe,2,0,outputs\runs\atlas_het_mixed_metric\node_classification\geometry_moe\split_0\seed_2\cfg_ec454435e4c6
atlas_het_mixed_metric__node_classification__geometry_moe__split0__seed3__0f46e73067e1,0f46e73067e1,13cd544cee4412a5,atlas_het_mixed_metric,node_classification,geometry_moe,geometry_moe,3,0,outputs\runs\atlas_het_mixed_metric\node_classification\geometry_moe\split_0\seed_3\cfg_0f46e73067e1
atlas_het_mixed_metric__node_classification__geometry_moe__split0__seed4__ca2b4bb09118,ca2b4bb09118,13cd544cee4412a5,atlas_het_mixed_metric,node_classification,geometry_moe,geometry_moe,4,0,outputs\runs\atlas_het_mixed_metric\node_classification\geometry_moe\split_0\seed_4\cfg_ca2b4bb09118
atlas_het_mixed_metric__node_classification__geometry_moe__split0__seed5__b58297dce692,b58297dce692,13cd544cee4412a5,atlas_het_mixed_metric,node_classification,geometry_moe,geometry_moe,5,0,outputs\runs\atlas_het_mixed_metric\node_classification\geometry_moe\split_0\seed_5\cfg_b58297dce692
atlas_het_mixed_metric__node_classification__geometry_moe__split0__seed6__48e45fb93e23,48e45fb93e23,13cd544cee4412a5,atlas_het_mixed_metric,node_classification,geometry_moe,geometry_moe,6,0,outputs\runs\atlas_het_mixed_metric\node_classification\geometry_moe\split_0\seed_6\cfg_48e45fb93e23
atlas_het_mixed_metric__node_classification__geometry_moe__split0__seed7__101d27f84257,101d27f84257,13cd544cee4412a5,atlas_het_mixed_metric,node_classification,geometry_moe,geometry_moe,7,0,outputs\runs\atlas_het_mixed_metric\node_classification\geometry_moe\split_0\seed_7\cfg_101d27f84257
atlas_het_mixed_metric__node_classification__geometry_moe__split0__seed8__0a92a79260df,0a92a79260df,13cd544cee4412a5,atlas_het_mixed_metric,node_classification,geometry_moe,geometry_moe,8,0,outputs\runs\atlas_het_mixed_metric\node_classification\geometry_moe\split_0\seed_8\cfg_0a92a79260df
atlas_het_mixed_metric__node_classification__geometry_moe__split0__seed9__d67e2c0140f6,d67e2c0140f6,13cd544cee4412a5,atlas_het_mixed_metric,node_classification,geometry_moe,geometry_moe,9,0,outputs\runs\atlas_het_mixed_metric\node_classification\geometry_moe\split_0\seed_9\cfg_d67e2c0140f6
atlas_het_mixed_metric__node_classification__graphatlas_free_transition__split0__seed0__3c80598d368d,3c80598d368d,13cd544cee4412a5,atlas_het_mixed_metric,node_classification,graphatlas_free_transition,graphatlas_free_transition,0,0,outputs\runs\atlas_het_mixed_metric\node_classification\graphatlas_free_transition\split_0\seed_0\cfg_3c80598d368d
atlas_het_mixed_metric__node_classification__graphatlas_free_transition__split0__seed1__c08184d22a0a,c08184d22a0a,13cd544cee4412a5,atlas_het_mixed_metric,node_classification,graphatlas_free_transition,graphatlas_free_transition,1,0,outputs\runs\atlas_het_mixed_metric\node_classification\graphatlas_free_transition\split_0\seed_1\cfg_c08184d22a0a
atlas_het_mixed_metric__node_classification__graphatlas_free_transition__split0__seed2__e2b565056503,e2b565056503,13cd544cee4412a5,atlas_het_mixed_metric,node_classification,graphatlas_free_transition,graphatlas_free_transition,2,0,outputs\runs\atlas_het_mixed_metric\node_classification\graphatlas_free_transition\split_0\seed_2\cfg_e2b565056503
atlas_het_mixed_metric__node_classification__graphatlas_free_transition__split0__seed3__1199aac37cf0,1199aac37cf0,13cd544cee4412a5,atlas_het_mixed_metric,node_classification,graphatlas_free_transition,graphatlas_free_transition,3,0,outputs\runs\atlas_het_mixed_metric\node_classification\graphatlas_free_transition\split_0\seed_3\cfg_1199aac37cf0
atlas_het_mixed_metric__node_classification__graphatlas_free_transition__split0__seed4__47d92b2a96f1,47d92b2a96f1,13cd544cee4412a5,atlas_het_mixed_metric,node_classification,graphatlas_free_transition,graphatlas_free_transition,4,0,outputs\runs\atlas_het_mixed_metric\node_classification\graphatlas_free_transition\split_0\seed_4\cfg_47d92b2a96f1
atlas_het_mixed_metric__node_classification__graphatlas_free_transition__split0__seed5__80c8842dcd52,80c8842dcd52,13cd544cee4412a5,atlas_het_mixed_metric,node_classification,graphatlas_free_transition,graphatlas_free_transition,5,0,outputs\runs\atlas_het_mixed_metric\node_classification\graphatlas_free_transition\split_0\seed_5\cfg_80c8842dcd52
atlas_het_mixed_metric__node_classification__graphatlas_free_transition__split0__seed6__39422a1c779b,39422a1c779b,13cd544cee4412a5,atlas_het_mixed_metric,node_classification,graphatlas_free_transition,graphatlas_free_transition,6,0,outputs\runs\atlas_het_mixed_metric\node_classification\graphatlas_free_transition\split_0\seed_6\cfg_39422a1c779b
atlas_het_mixed_metric__node_classification__graphatlas_free_transition__split0__seed7__015b94120420,015b94120420,13cd544cee4412a5,atlas_het_mixed_metric,node_classification,graphatlas_free_transition,graphatlas_free_transition,7,0,outputs\runs\atlas_het_mixed_metric\node_classification\graphatlas_free_transition\split_0\seed_7\cfg_015b94120420
atlas_het_mixed_metric__node_classification__graphatlas_free_transition__split0__seed8__23a0477a0608,23a0477a0608,13cd544cee4412a5,atlas_het_mixed_metric,node_classification,graphatlas_free_transition,graphatlas_free_transition,8,0,outputs\runs\atlas_het_mixed_metric\node_classification\graphatlas_free_transition\split_0\seed_8\cfg_23a0477a0608
atlas_het_mixed_metric__node_classification__graphatlas_free_transition__split0__seed9__1be0608c9fcf,1be0608c9fcf,13cd544cee4412a5,atlas_het_mixed_metric,node_classification,graphatlas_free_transition,graphatlas_free_transition,9,0,outputs\runs\atlas_het_mixed_metric\node_classification\graphatlas_free_transition\split_0\seed_9\cfg_1be0608c9fcf
atlas_het_mixed_metric__node_classification__graphatlas_no_metric__split0__seed0__ad7b8a575b22,ad7b8a575b22,13cd544cee4412a5,atlas_het_mixed_metric,node_classification,graphatlas_no_metric,graphatlas_no_metric,0,0,outputs\runs\atlas_het_mixed_metric\node_classification\graphatlas_no_metric\split_0\seed_0\cfg_ad7b8a575b22
atlas_het_mixed_metric__node_classification__graphatlas_no_metric__split0__seed1__b4856b187ae4,b4856b187ae4,13cd544cee4412a5,atlas_het_mixed_metric,node_classification,graphatlas_no_metric,graphatlas_no_metric,1,0,outputs\runs\atlas_het_mixed_metric\node_classification\graphatlas_no_metric\split_0\seed_1\cfg_b4856b187ae4
atlas_het_mixed_metric__node_classification__graphatlas_no_metric__split0__seed2__95e9d75be626,95e9d75be626,13cd544cee4412a5,atlas_het_mixed_metric,node_classification,graphatlas_no_metric,graphatlas_no_metric,2,0,outputs\runs\atlas_het_mixed_metric\node_classification\graphatlas_no_metric\split_0\seed_2\cfg_95e9d75be626
atlas_het_mixed_metric__node_classification__graphatlas_no_metric__split0__seed3__c46f0e78ee25,c46f0e78ee25,13cd544cee4412a5,atlas_het_mixed_metric,node_classification,graphatlas_no_metric,graphatlas_no_metric,3,0,outputs\runs\atlas_het_mixed_metric\node_classification\graphatlas_no_metric\split_0\seed_3\cfg_c46f0e78ee25
atlas_het_mixed_metric__node_classification__graphatlas_no_metric__split0__seed4__f55c70fcf197,f55c70fcf197,13cd544cee4412a5,atlas_het_mixed_metric,node_classification,graphatlas_no_metric,graphatlas_no_metric,4,0,outputs\runs\atlas_het_mixed_metric\node_classification\graphatlas_no_metric\split_0\seed_4\cfg_f55c70fcf197
atlas_het_mixed_metric__node_classification__graphatlas_no_metric__split0__seed5__de0f28c48815,de0f28c48815,13cd544cee4412a5,atlas_het_mixed_metric,node_classification,graphatlas_no_metric,graphatlas_no_metric,5,0,outputs\runs\atlas_het_mixed_metric\node_classification\graphatlas_no_metric\split_0\seed_5\cfg_de0f28c48815
atlas_het_mixed_metric__node_classification__graphatlas_no_metric__split0__seed6__c8ab1c2d5933,c8ab1c2d5933,13cd544cee4412a5,atlas_het_mixed_metric,node_classification,graphatlas_no_metric,graphatlas_no_metric,6,0,outputs\runs\atlas_het_mixed_metric\node_classification\graphatlas_no_metric\split_0\seed_6\cfg_c8ab1c2d5933
atlas_het_mixed_metric__node_classification__graphatlas_no_metric__split0__seed7__bdfcdcfaa868,bdfcdcfaa868,13cd544cee4412a5,atlas_het_mixed_metric,node_classification,graphatlas_no_metric,graphatlas_no_metric,7,0,outputs\runs\atlas_het_mixed_metric\node_classification\graphatlas_no_metric\split_0\seed_7\cfg_bdfcdcfaa868
atlas_het_mixed_metric__node_classification__graphatlas_no_metric__split0__seed8__2ce82b080603,2ce82b080603,13cd544cee4412a5,atlas_het_mixed_metric,node_classification,graphatlas_no_metric,graphatlas_no_metric,8,0,outputs\runs\atlas_het_mixed_metric\node_classification\graphatlas_no_metric\split_0\seed_8\cfg_2ce82b080603
atlas_het_mixed_metric__node_classification__graphatlas_no_metric__split0__seed9__26e4f231b13e,26e4f231b13e,13cd544cee4412a5,atlas_het_mixed_metric,node_classification,graphatlas_no_metric,graphatlas_no_metric,9,0,outputs\runs\atlas_het_mixed_metric\node_classification\graphatlas_no_metric\split_0\seed_9\cfg_26e4f231b13e
atlas_het_mixed_metric__node_classification__graphatlas_no_cocycle__split0__seed0__cbd68392e7c3,cbd68392e7c3,13cd544cee4412a5,atlas_het_mixed_metric,node_classification,graphatlas_no_cocycle,graphatlas_no_cocycle,0,0,outputs\runs\atlas_het_mixed_metric\node_classification\graphatlas_no_cocycle\split_0\seed_0\cfg_cbd68392e7c3
atlas_het_mixed_metric__node_classification__graphatlas_no_cocycle__split0__seed1__6ffb0ac9a8b7,6ffb0ac9a8b7,13cd544cee4412a5,atlas_het_mixed_metric,node_classification,graphatlas_no_cocycle,graphatlas_no_cocycle,1,0,outputs\runs\atlas_het_mixed_metric\node_classification\graphatlas_no_cocycle\split_0\seed_1\cfg_6ffb0ac9a8b7
atlas_het_mixed_metric__node_classification__graphatlas_no_cocycle__split0__seed2__adfade05e8d9,adfade05e8d9,13cd544cee4412a5,atlas_het_mixed_metric,node_classification,graphatlas_no_cocycle,graphatlas_no_cocycle,2,0,outputs\runs\atlas_het_mixed_metric\node_classification\graphatlas_no_cocycle\split_0\seed_2\cfg_adfade05e8d9
atlas_het_mixed_metric__node_classification__graphatlas_no_cocycle__split0__seed3__8dac050a45f5,8dac050a45f5,13cd544cee4412a5,atlas_het_mixed_metric,node_classification,graphatlas_no_cocycle,graphatlas_no_cocycle,3,0,outputs\runs\atlas_het_mixed_metric\node_classification\graphatlas_no_cocycle\split_0\seed_3\cfg_8dac050a45f5
atlas_het_mixed_metric__node_classification__graphatlas_no_cocycle__split0__seed4__5fbe4a59b5b5,5fbe4a59b5b5,13cd544cee4412a5,atlas_het_mixed_metric,node_classification,graphatlas_no_cocycle,graphatlas_no_cocycle,4,0,outputs\runs\atlas_het_mixed_metric\node_classification\graphatlas_no_cocycle\split_0\seed_4\cfg_5fbe4a59b5b5
atlas_het_mixed_metric__node_classification__graphatlas_no_cocycle__split0__seed5__7963a55ca411,7963a55ca411,13cd544cee4412a5,atlas_het_mixed_metric,node_classification,graphatlas_no_cocycle,graphatlas_no_cocycle,5,0,outputs\runs\atlas_het_mixed_metric\node_classification\graphatlas_no_cocycle\split_0\seed_5\cfg_7963a55ca411
atlas_het_mixed_metric__node_classification__graphatlas_no_cocycle__split0__seed6__8471a003175d,8471a003175d,13cd544cee4412a5,atlas_het_mixed_metric,node_classification,graphatlas_no_cocycle,graphatlas_no_cocycle,6,0,outputs\runs\atlas_het_mixed_metric\node_classification\graphatlas_no_cocycle\split_0\seed_6\cfg_8471a003175d
atlas_het_mixed_metric__node_classification__graphatlas_no_cocycle__split0__seed7__e8182e16ca11,e8182e16ca11,13cd544cee4412a5,atlas_het_mixed_metric,node_classification,graphatlas_no_cocycle,graphatlas_no_cocycle,7,0,outputs\runs\atlas_het_mixed_metric\node_classification\graphatlas_no_cocycle\split_0\seed_7\cfg_e8182e16ca11
atlas_het_mixed_metric__node_classification__graphatlas_no_cocycle__split0__seed8__83dffb67a775,83dffb67a775,13cd544cee4412a5,atlas_het_mixed_metric,node_classification,graphatlas_no_cocycle,graphatlas_no_cocycle,8,0,outputs\runs\atlas_het_mixed_metric\node_classification\graphatlas_no_cocycle\split_0\seed_8\cfg_83dffb67a775
atlas_het_mixed_metric__node_classification__graphatlas_no_cocycle__split0__seed9__29272c1dbd43,29272c1dbd43,13cd544cee4412a5,atlas_het_mixed_metric,node_classification,graphatlas_no_cocycle,graphatlas_no_cocycle,9,0,outputs\runs\atlas_het_mixed_metric\node_classification\graphatlas_no_cocycle\split_0\seed_9\cfg_29272c1dbd43
atlas_het_mixed_metric__node_classification__graphatlas_no_rank__split0__seed0__db0ac6e2b796,db0ac6e2b796,13cd544cee4412a5,atlas_het_mixed_metric,node_classification,graphatlas_no_rank,graphatlas_no_rank,0,0,outputs\runs\atlas_het_mixed_metric\node_classification\graphatlas_no_rank\split_0\seed_0\cfg_db0ac6e2b796
atlas_het_mixed_metric__node_classification__graphatlas_no_rank__split0__seed1__09c7d06c7695,09c7d06c7695,13cd544cee4412a5,atlas_het_mixed_metric,node_classification,graphatlas_no_rank,graphatlas_no_rank,1,0,outputs\runs\atlas_het_mixed_metric\node_classification\graphatlas_no_rank\split_0\seed_1\cfg_09c7d06c7695
atlas_het_mixed_metric__node_classification__graphatlas_no_rank__split0__seed2__bdf98cf16924,bdf98cf16924,13cd544cee4412a5,atlas_het_mixed_metric,node_classification,graphatlas_no_rank,graphatlas_no_rank,2,0,outputs\runs\atlas_het_mixed_metric\node_classification\graphatlas_no_rank\split_0\seed_2\cfg_bdf98cf16924
atlas_het_mixed_metric__node_classification__graphatlas_no_rank__split0__seed3__a99ad0bbb2d3,a99ad0bbb2d3,13cd544cee4412a5,atlas_het_mixed_metric,node_classification,graphatlas_no_rank,graphatlas_no_rank,3,0,outputs\runs\atlas_het_mixed_metric\node_classification\graphatlas_no_rank\split_0\seed_3\cfg_a99ad0bbb2d3
atlas_het_mixed_metric__node_classification__graphatlas_no_rank__split0__seed4__f0ebbcdf672a,f0ebbcdf672a,13cd544cee4412a5,atlas_het_mixed_metric,node_classification,graphatlas_no_rank,graphatlas_no_rank,4,0,outputs\runs\atlas_het_mixed_metric\node_classification\graphatlas_no_rank\split_0\seed_4\cfg_f0ebbcdf672a
atlas_het_mixed_metric__node_classification__graphatlas_no_rank__split0__seed5__e93ff601c02a,e93ff601c02a,13cd544cee4412a5,atlas_het_mixed_metric,node_classification,graphatlas_no_rank,graphatlas_no_rank,5,0,outputs\runs\atlas_het_mixed_metric\node_classification\graphatlas_no_rank\split_0\seed_5\cfg_e93ff601c02a
atlas_het_mixed_metric__node_classification__graphatlas_no_rank__split0__seed6__7af0d50f51bc,7af0d50f51bc,13cd544cee4412a5,atlas_het_mixed_metric,node_classification,graphatlas_no_rank,graphatlas_no_rank,6,0,outputs\runs\atlas_het_mixed_metric\node_classification\graphatlas_no_rank\split_0\seed_6\cfg_7af0d50f51bc
atlas_het_mixed_metric__node_classification__graphatlas_no_rank__split0__seed7__227e4b1499bd,227e4b1499bd,13cd544cee4412a5,atlas_het_mixed_metric,node_classification,graphatlas_no_rank,graphatlas_no_rank,7,0,outputs\runs\atlas_het_mixed_metric\node_classification\graphatlas_no_rank\split_0\seed_7\cfg_227e4b1499bd
atlas_het_mixed_metric__node_classification__graphatlas_no_rank__split0__seed8__ae14079267e8,ae14079267e8,13cd544cee4412a5,atlas_het_mixed_metric,node_classification,graphatlas_no_rank,graphatlas_no_rank,8,0,outputs\runs\atlas_het_mixed_metric\node_classification\graphatlas_no_rank\split_0\seed_8\cfg_ae14079267e8
atlas_het_mixed_metric__node_classification__graphatlas_no_rank__split0__seed9__a8ccde2f1f13,a8ccde2f1f13,13cd544cee4412a5,atlas_het_mixed_metric,node_classification,graphatlas_no_rank,graphatlas_no_rank,9,0,outputs\runs\atlas_het_mixed_metric\node_classification\graphatlas_no_rank\split_0\seed_9\cfg_a8ccde2f1f13
atlas_het_mixed_metric__node_classification__graphatlas_no_overlap__split0__seed0__3a9c095e7d7d,3a9c095e7d7d,13cd544cee4412a5,atlas_het_mixed_metric,node_classification,graphatlas_no_overlap,graphatlas_no_overlap,0,0,outputs\runs\atlas_het_mixed_metric\node_classification\graphatlas_no_overlap\split_0\seed_0\cfg_3a9c095e7d7d
atlas_het_mixed_metric__node_classification__graphatlas_no_overlap__split0__seed1__9669572253c2,9669572253c2,13cd544cee4412a5,atlas_het_mixed_metric,node_classification,graphatlas_no_overlap,graphatlas_no_overlap,1,0,outputs\runs\atlas_het_mixed_metric\node_classification\graphatlas_no_overlap\split_0\seed_1\cfg_9669572253c2
atlas_het_mixed_metric__node_classification__graphatlas_no_overlap__split0__seed2__ac9174efd07f,ac9174efd07f,13cd544cee4412a5,atlas_het_mixed_metric,node_classification,graphatlas_no_overlap,graphatlas_no_overlap,2,0,outputs\runs\atlas_het_mixed_metric\node_classification\graphatlas_no_overlap\split_0\seed_2\cfg_ac9174efd07f
atlas_het_mixed_metric__node_classification__graphatlas_no_overlap__split0__seed3__17ef13c634e3,17ef13c634e3,13cd544cee4412a5,atlas_het_mixed_metric,node_classification,graphatlas_no_overlap,graphatlas_no_overlap,3,0,outputs\runs\atlas_het_mixed_metric\node_classification\graphatlas_no_overlap\split_0\seed_3\cfg_17ef13c634e3
atlas_het_mixed_metric__node_classification__graphatlas_no_overlap__split0__seed4__c829e96f494a,c829e96f494a,13cd544cee4412a5,atlas_het_mixed_metric,node_classification,graphatlas_no_overlap,graphatlas_no_overlap,4,0,outputs\runs\atlas_het_mixed_metric\node_classification\graphatlas_no_overlap\split_0\seed_4\cfg_c829e96f494a
atlas_het_mixed_metric__node_classification__graphatlas_no_overlap__split0__seed5__6150f6531b9e,6150f6531b9e,13cd544cee4412a5,atlas_het_mixed_metric,node_classification,graphatlas_no_overlap,graphatlas_no_overlap,5,0,outputs\runs\atlas_het_mixed_metric\node_classification\graphatlas_no_overlap\split_0\seed_5\cfg_6150f6531b9e
atlas_het_mixed_metric__node_classification__graphatlas_no_overlap__split0__seed6__26acab34b130,26acab34b130,13cd544cee4412a5,atlas_het_mixed_metric,node_classification,graphatlas_no_overlap,graphatlas_no_overlap,6,0,outputs\runs\atlas_het_mixed_metric\node_classification\graphatlas_no_overlap\split_0\seed_6\cfg_26acab34b130
atlas_het_mixed_metric__node_classification__graphatlas_no_overlap__split0__seed7__4634284bce27,4634284bce27,13cd544cee4412a5,atlas_het_mixed_metric,node_classification,graphatlas_no_overlap,graphatlas_no_overlap,7,0,outputs\runs\atlas_het_mixed_metric\node_classification\graphatlas_no_overlap\split_0\seed_7\cfg_4634284bce27
atlas_het_mixed_metric__node_classification__graphatlas_no_overlap__split0__seed8__5f8227c6277e,5f8227c6277e,13cd544cee4412a5,atlas_het_mixed_metric,node_classification,graphatlas_no_overlap,graphatlas_no_overlap,8,0,outputs\runs\atlas_het_mixed_metric\node_classification\graphatlas_no_overlap\split_0\seed_8\cfg_5f8227c6277e
atlas_het_mixed_metric__node_classification__graphatlas_no_overlap__split0__seed9__a2416d670596,a2416d670596,13cd544cee4412a5,atlas_het_mixed_metric,node_classification,graphatlas_no_overlap,graphatlas_no_overlap,9,0,outputs\runs\atlas_het_mixed_metric\node_classification\graphatlas_no_overlap\split_0\seed_9\cfg_a2416d670596
atlas_het_mixed_metric__node_classification__graphatlas__split0__seed0__04c6c743bcd2,04c6c743bcd2,13cd544cee4412a5,atlas_het_mixed_metric,node_classification,graphatlas,graphatlas,0,0,outputs\runs\atlas_het_mixed_metric\node_classification\graphatlas\split_0\seed_0\cfg_04c6c743bcd2
atlas_het_mixed_metric__node_classification__graphatlas__split0__seed1__c764da4cf11b,c764da4cf11b,13cd544cee4412a5,atlas_het_mixed_metric,node_classification,graphatlas,graphatlas,1,0,outputs\runs\atlas_het_mixed_metric\node_classification\graphatlas\split_0\seed_1\cfg_c764da4cf11b
atlas_het_mixed_metric__node_classification__graphatlas__split0__seed2__5889f34d10f2,5889f34d10f2,13cd544cee4412a5,atlas_het_mixed_metric,node_classification,graphatlas,graphatlas,2,0,outputs\runs\atlas_het_mixed_metric\node_classification\graphatlas\split_0\seed_2\cfg_5889f34d10f2
atlas_het_mixed_metric__node_classification__graphatlas__split0__seed3__c427316b666a,c427316b666a,13cd544cee4412a5,atlas_het_mixed_metric,node_classification,graphatlas,graphatlas,3,0,outputs\runs\atlas_het_mixed_metric\node_classification\graphatlas\split_0\seed_3\cfg_c427316b666a
atlas_het_mixed_metric__node_classification__graphatlas__split0__seed4__442b81412f51,442b81412f51,13cd544cee4412a5,atlas_het_mixed_metric,node_classification,graphatlas,graphatlas,4,0,outputs\runs\atlas_het_mixed_metric\node_classification\graphatlas\split_0\seed_4\cfg_442b81412f51
atlas_het_mixed_metric__node_classification__graphatlas__split0__seed5__8e012acba670,8e012acba670,13cd544cee4412a5,atlas_het_mixed_metric,node_classification,graphatlas,graphatlas,5,0,outputs\runs\atlas_het_mixed_metric\node_classification\graphatlas\split_0\seed_5\cfg_8e012acba670
atlas_het_mixed_metric__node_classification__graphatlas__split0__seed6__92e0566ce5d8,92e0566ce5d8,13cd544cee4412a5,atlas_het_mixed_metric,node_classification,graphatlas,graphatlas,6,0,outputs\runs\atlas_het_mixed_metric\node_classification\graphatlas\split_0\seed_6\cfg_92e0566ce5d8
atlas_het_mixed_metric__node_classification__graphatlas__split0__seed7__c80c610e99dd,c80c610e99dd,13cd544cee4412a5,atlas_het_mixed_metric,node_classification,graphatlas,graphatlas,7,0,outputs\runs\atlas_het_mixed_metric\node_classification\graphatlas\split_0\seed_7\cfg_c80c610e99dd
atlas_het_mixed_metric__node_classification__graphatlas__split0__seed8__4cd54c96b041,4cd54c96b041,13cd544cee4412a5,atlas_het_mixed_metric,node_classification,graphatlas,graphatlas,8,0,outputs\runs\atlas_het_mixed_metric\node_classification\graphatlas\split_0\seed_8\cfg_4cd54c96b041
atlas_het_mixed_metric__node_classification__graphatlas__split0__seed9__4c9fcb0258ee,4c9fcb0258ee,13cd544cee4412a5,atlas_het_mixed_metric,node_classification,graphatlas,graphatlas,9,0,outputs\runs\atlas_het_mixed_metric\node_classification\graphatlas\split_0\seed_9\cfg_4c9fcb0258ee
atlas_het_boundary_stress__node_classification__ambient_vector_gnn__split0__seed0__f3aa3354ba68,f3aa3354ba68,13cd544cee4412a5,atlas_het_boundary_stress,node_classification,ambient_vector_gnn,ambient_vector_gnn,0,0,outputs\runs\atlas_het_boundary_stress\node_classification\ambient_vector_gnn\split_0\seed_0\cfg_f3aa3354ba68
atlas_het_boundary_stress__node_classification__ambient_vector_gnn__split0__seed1__e0767ef68b52,e0767ef68b52,13cd544cee4412a5,atlas_het_boundary_stress,node_classification,ambient_vector_gnn,ambient_vector_gnn,1,0,outputs\runs\atlas_het_boundary_stress\node_classification\ambient_vector_gnn\split_0\seed_1\cfg_e0767ef68b52
atlas_het_boundary_stress__node_classification__ambient_vector_gnn__split0__seed2__15344e1c36e2,15344e1c36e2,13cd544cee4412a5,atlas_het_boundary_stress,node_classification,ambient_vector_gnn,ambient_vector_gnn,2,0,outputs\runs\atlas_het_boundary_stress\node_classification\ambient_vector_gnn\split_0\seed_2\cfg_15344e1c36e2
atlas_het_boundary_stress__node_classification__ambient_vector_gnn__split0__seed3__edfa4068fb23,edfa4068fb23,13cd544cee4412a5,atlas_het_boundary_stress,node_classification,ambient_vector_gnn,ambient_vector_gnn,3,0,outputs\runs\atlas_het_boundary_stress\node_classification\ambient_vector_gnn\split_0\seed_3\cfg_edfa4068fb23
atlas_het_boundary_stress__node_classification__ambient_vector_gnn__split0__seed4__d71d04fd0afa,d71d04fd0afa,13cd544cee4412a5,atlas_het_boundary_stress,node_classification,ambient_vector_gnn,ambient_vector_gnn,4,0,outputs\runs\atlas_het_boundary_stress\node_classification\ambient_vector_gnn\split_0\seed_4\cfg_d71d04fd0afa
atlas_het_boundary_stress__node_classification__ambient_vector_gnn__split0__seed5__d18bb072c03f,d18bb072c03f,13cd544cee4412a5,atlas_het_boundary_stress,node_classification,ambient_vector_gnn,ambient_vector_gnn,5,0,outputs\runs\atlas_het_boundary_stress\node_classification\ambient_vector_gnn\split_0\seed_5\cfg_d18bb072c03f
atlas_het_boundary_stress__node_classification__ambient_vector_gnn__split0__seed6__b02ae0623217,b02ae0623217,13cd544cee4412a5,atlas_het_boundary_stress,node_classification,ambient_vector_gnn,ambient_vector_gnn,6,0,outputs\runs\atlas_het_boundary_stress\node_classification\ambient_vector_gnn\split_0\seed_6\cfg_b02ae0623217
atlas_het_boundary_stress__node_classification__ambient_vector_gnn__split0__seed7__898a03f16e91,898a03f16e91,13cd544cee4412a5,atlas_het_boundary_stress,node_classification,ambient_vector_gnn,ambient_vector_gnn,7,0,outputs\runs\atlas_het_boundary_stress\node_classification\ambient_vector_gnn\split_0\seed_7\cfg_898a03f16e91
atlas_het_boundary_stress__node_classification__ambient_vector_gnn__split0__seed8__120e07837377,120e07837377,13cd544cee4412a5,atlas_het_boundary_stress,node_classification,ambient_vector_gnn,ambient_vector_gnn,8,0,outputs\runs\atlas_het_boundary_stress\node_classification\ambient_vector_gnn\split_0\seed_8\cfg_120e07837377
atlas_het_boundary_stress__node_classification__ambient_vector_gnn__split0__seed9__fc26d406e46f,fc26d406e46f,13cd544cee4412a5,atlas_het_boundary_stress,node_classification,ambient_vector_gnn,ambient_vector_gnn,9,0,outputs\runs\atlas_het_boundary_stress\node_classification\ambient_vector_gnn\split_0\seed_9\cfg_fc26d406e46f
atlas_het_boundary_stress__node_classification__geometry_moe__split0__seed0__9a2de67e172f,9a2de67e172f,13cd544cee4412a5,atlas_het_boundary_stress,node_classification,geometry_moe,geometry_moe,0,0,outputs\runs\atlas_het_boundary_stress\node_classification\geometry_moe\split_0\seed_0\cfg_9a2de67e172f
atlas_het_boundary_stress__node_classification__geometry_moe__split0__seed1__4ae0908cc243,4ae0908cc243,13cd544cee4412a5,atlas_het_boundary_stress,node_classification,geometry_moe,geometry_moe,1,0,outputs\runs\atlas_het_boundary_stress\node_classification\geometry_moe\split_0\seed_1\cfg_4ae0908cc243
atlas_het_boundary_stress__node_classification__geometry_moe__split0__seed2__5ab1dc26ab36,5ab1dc26ab36,13cd544cee4412a5,atlas_het_boundary_stress,node_classification,geometry_moe,geometry_moe,2,0,outputs\runs\atlas_het_boundary_stress\node_classification\geometry_moe\split_0\seed_2\cfg_5ab1dc26ab36
atlas_het_boundary_stress__node_classification__geometry_moe__split0__seed3__7fb48a7e69d1,7fb48a7e69d1,13cd544cee4412a5,atlas_het_boundary_stress,node_classification,geometry_moe,geometry_moe,3,0,outputs\runs\atlas_het_boundary_stress\node_classification\geometry_moe\split_0\seed_3\cfg_7fb48a7e69d1
atlas_het_boundary_stress__node_classification__geometry_moe__split0__seed4__49fdf2d370cf,49fdf2d370cf,13cd544cee4412a5,atlas_het_boundary_stress,node_classification,geometry_moe,geometry_moe,4,0,outputs\runs\atlas_het_boundary_stress\node_classification\geometry_moe\split_0\seed_4\cfg_49fdf2d370cf
atlas_het_boundary_stress__node_classification__geometry_moe__split0__seed5__83d29fb9bddc,83d29fb9bddc,13cd544cee4412a5,atlas_het_boundary_stress,node_classification,geometry_moe,geometry_moe,5,0,outputs\runs\atlas_het_boundary_stress\node_classification\geometry_moe\split_0\seed_5\cfg_83d29fb9bddc
atlas_het_boundary_stress__node_classification__geometry_moe__split0__seed6__698e8a1fb514,698e8a1fb514,13cd544cee4412a5,atlas_het_boundary_stress,node_classification,geometry_moe,geometry_moe,6,0,outputs\runs\atlas_het_boundary_stress\node_classification\geometry_moe\split_0\seed_6\cfg_698e8a1fb514
atlas_het_boundary_stress__node_classification__geometry_moe__split0__seed7__33b3ef2e8a85,33b3ef2e8a85,13cd544cee4412a5,atlas_het_boundary_stress,node_classification,geometry_moe,geometry_moe,7,0,outputs\runs\atlas_het_boundary_stress\node_classification\geometry_moe\split_0\seed_7\cfg_33b3ef2e8a85
atlas_het_boundary_stress__node_classification__geometry_moe__split0__seed8__a1d2cfbb685f,a1d2cfbb685f,13cd544cee4412a5,atlas_het_boundary_stress,node_classification,geometry_moe,geometry_moe,8,0,outputs\runs\atlas_het_boundary_stress\node_classification\geometry_moe\split_0\seed_8\cfg_a1d2cfbb685f
atlas_het_boundary_stress__node_classification__geometry_moe__split0__seed9__c7ed3b354b70,c7ed3b354b70,13cd544cee4412a5,atlas_het_boundary_stress,node_classification,geometry_moe,geometry_moe,9,0,outputs\runs\atlas_het_boundary_stress\node_classification\geometry_moe\split_0\seed_9\cfg_c7ed3b354b70
atlas_het_boundary_stress__node_classification__graphatlas_free_transition__split0__seed0__0d78c3afc137,0d78c3afc137,13cd544cee4412a5,atlas_het_boundary_stress,node_classification,graphatlas_free_transition,graphatlas_free_transition,0,0,outputs\runs\atlas_het_boundary_stress\node_classification\graphatlas_free_transition\split_0\seed_0\cfg_0d78c3afc137
atlas_het_boundary_stress__node_classification__graphatlas_free_transition__split0__seed1__f97c1360bf15,f97c1360bf15,13cd544cee4412a5,atlas_het_boundary_stress,node_classification,graphatlas_free_transition,graphatlas_free_transition,1,0,outputs\runs\atlas_het_boundary_stress\node_classification\graphatlas_free_transition\split_0\seed_1\cfg_f97c1360bf15
atlas_het_boundary_stress__node_classification__graphatlas_free_transition__split0__seed2__fad8b5523b82,fad8b5523b82,13cd544cee4412a5,atlas_het_boundary_stress,node_classification,graphatlas_free_transition,graphatlas_free_transition,2,0,outputs\runs\atlas_het_boundary_stress\node_classification\graphatlas_free_transition\split_0\seed_2\cfg_fad8b5523b82
atlas_het_boundary_stress__node_classification__graphatlas_free_transition__split0__seed3__98c850eeca34,98c850eeca34,13cd544cee4412a5,atlas_het_boundary_stress,node_classification,graphatlas_free_transition,graphatlas_free_transition,3,0,outputs\runs\atlas_het_boundary_stress\node_classification\graphatlas_free_transition\split_0\seed_3\cfg_98c850eeca34
atlas_het_boundary_stress__node_classification__graphatlas_free_transition__split0__seed4__a657f026af6a,a657f026af6a,13cd544cee4412a5,atlas_het_boundary_stress,node_classification,graphatlas_free_transition,graphatlas_free_transition,4,0,outputs\runs\atlas_het_boundary_stress\node_classification\graphatlas_free_transition\split_0\seed_4\cfg_a657f026af6a
atlas_het_boundary_stress__node_classification__graphatlas_free_transition__split0__seed5__dfd6db18c434,dfd6db18c434,13cd544cee4412a5,atlas_het_boundary_stress,node_classification,graphatlas_free_transition,graphatlas_free_transition,5,0,outputs\runs\atlas_het_boundary_stress\node_classification\graphatlas_free_transition\split_0\seed_5\cfg_dfd6db18c434
atlas_het_boundary_stress__node_classification__graphatlas_free_transition__split0__seed6__5d8c5559a724,5d8c5559a724,13cd544cee4412a5,atlas_het_boundary_stress,node_classification,graphatlas_free_transition,graphatlas_free_transition,6,0,outputs\runs\atlas_het_boundary_stress\node_classification\graphatlas_free_transition\split_0\seed_6\cfg_5d8c5559a724
atlas_het_boundary_stress__node_classification__graphatlas_free_transition__split0__seed7__63a0e2366aab,63a0e2366aab,13cd544cee4412a5,atlas_het_boundary_stress,node_classification,graphatlas_free_transition,graphatlas_free_transition,7,0,outputs\runs\atlas_het_boundary_stress\node_classification\graphatlas_free_transition\split_0\seed_7\cfg_63a0e2366aab
atlas_het_boundary_stress__node_classification__graphatlas_free_transition__split0__seed8__f24c590a0bd6,f24c590a0bd6,13cd544cee4412a5,atlas_het_boundary_stress,node_classification,graphatlas_free_transition,graphatlas_free_transition,8,0,outputs\runs\atlas_het_boundary_stress\node_classification\graphatlas_free_transition\split_0\seed_8\cfg_f24c590a0bd6
atlas_het_boundary_stress__node_classification__graphatlas_free_transition__split0__seed9__568544aea042,568544aea042,13cd544cee4412a5,atlas_het_boundary_stress,node_classification,graphatlas_free_transition,graphatlas_free_transition,9,0,outputs\runs\atlas_het_boundary_stress\node_classification\graphatlas_free_transition\split_0\seed_9\cfg_568544aea042
atlas_het_boundary_stress__node_classification__graphatlas_no_metric__split0__seed0__cc1977b636b5,cc1977b636b5,13cd544cee4412a5,atlas_het_boundary_stress,node_classification,graphatlas_no_metric,graphatlas_no_metric,0,0,outputs\runs\atlas_het_boundary_stress\node_classification\graphatlas_no_metric\split_0\seed_0\cfg_cc1977b636b5
atlas_het_boundary_stress__node_classification__graphatlas_no_metric__split0__seed1__d33c77b8a324,d33c77b8a324,13cd544cee4412a5,atlas_het_boundary_stress,node_classification,graphatlas_no_metric,graphatlas_no_metric,1,0,outputs\runs\atlas_het_boundary_stress\node_classification\graphatlas_no_metric\split_0\seed_1\cfg_d33c77b8a324
atlas_het_boundary_stress__node_classification__graphatlas_no_metric__split0__seed2__c6475ce30235,c6475ce30235,13cd544cee4412a5,atlas_het_boundary_stress,node_classification,graphatlas_no_metric,graphatlas_no_metric,2,0,outputs\runs\atlas_het_boundary_stress\node_classification\graphatlas_no_metric\split_0\seed_2\cfg_c6475ce30235
atlas_het_boundary_stress__node_classification__graphatlas_no_metric__split0__seed3__166cd865c8ee,166cd865c8ee,13cd544cee4412a5,atlas_het_boundary_stress,node_classification,graphatlas_no_metric,graphatlas_no_metric,3,0,outputs\runs\atlas_het_boundary_stress\node_classification\graphatlas_no_metric\split_0\seed_3\cfg_166cd865c8ee
atlas_het_boundary_stress__node_classification__graphatlas_no_metric__split0__seed4__5dbd7b6555f8,5dbd7b6555f8,13cd544cee4412a5,atlas_het_boundary_stress,node_classification,graphatlas_no_metric,graphatlas_no_metric,4,0,outputs\runs\atlas_het_boundary_stress\node_classification\graphatlas_no_metric\split_0\seed_4\cfg_5dbd7b6555f8
atlas_het_boundary_stress__node_classification__graphatlas_no_metric__split0__seed5__057cbb593433,057cbb593433,13cd544cee4412a5,atlas_het_boundary_stress,node_classification,graphatlas_no_metric,graphatlas_no_metric,5,0,outputs\runs\atlas_het_boundary_stress\node_classification\graphatlas_no_metric\split_0\seed_5\cfg_057cbb593433
atlas_het_boundary_stress__node_classification__graphatlas_no_metric__split0__seed6__4cb07a26157c,4cb07a26157c,13cd544cee4412a5,atlas_het_boundary_stress,node_classification,graphatlas_no_metric,graphatlas_no_metric,6,0,outputs\runs\atlas_het_boundary_stress\node_classification\graphatlas_no_metric\split_0\seed_6\cfg_4cb07a26157c
atlas_het_boundary_stress__node_classification__graphatlas_no_metric__split0__seed7__fab9d88e8bff,fab9d88e8bff,13cd544cee4412a5,atlas_het_boundary_stress,node_classification,graphatlas_no_metric,graphatlas_no_metric,7,0,outputs\runs\atlas_het_boundary_stress\node_classification\graphatlas_no_metric\split_0\seed_7\cfg_fab9d88e8bff
atlas_het_boundary_stress__node_classification__graphatlas_no_metric__split0__seed8__ba34ed38f3f2,ba34ed38f3f2,13cd544cee4412a5,atlas_het_boundary_stress,node_classification,graphatlas_no_metric,graphatlas_no_metric,8,0,outputs\runs\atlas_het_boundary_stress\node_classification\graphatlas_no_metric\split_0\seed_8\cfg_ba34ed38f3f2
atlas_het_boundary_stress__node_classification__graphatlas_no_metric__split0__seed9__91a3a06c2643,91a3a06c2643,13cd544cee4412a5,atlas_het_boundary_stress,node_classification,graphatlas_no_metric,graphatlas_no_metric,9,0,outputs\runs\atlas_het_boundary_stress\node_classification\graphatlas_no_metric\split_0\seed_9\cfg_91a3a06c2643
atlas_het_boundary_stress__node_classification__graphatlas_no_cocycle__split0__seed0__3e46c1a041e4,3e46c1a041e4,13cd544cee4412a5,atlas_het_boundary_stress,node_classification,graphatlas_no_cocycle,graphatlas_no_cocycle,0,0,outputs\runs\atlas_het_boundary_stress\node_classification\graphatlas_no_cocycle\split_0\seed_0\cfg_3e46c1a041e4
atlas_het_boundary_stress__node_classification__graphatlas_no_cocycle__split0__seed1__b12fbdba5923,b12fbdba5923,13cd544cee4412a5,atlas_het_boundary_stress,node_classification,graphatlas_no_cocycle,graphatlas_no_cocycle,1,0,outputs\runs\atlas_het_boundary_stress\node_classification\graphatlas_no_cocycle\split_0\seed_1\cfg_b12fbdba5923
atlas_het_boundary_stress__node_classification__graphatlas_no_cocycle__split0__seed2__a3c338c48838,a3c338c48838,13cd544cee4412a5,atlas_het_boundary_stress,node_classification,graphatlas_no_cocycle,graphatlas_no_cocycle,2,0,outputs\runs\atlas_het_boundary_stress\node_classification\graphatlas_no_cocycle\split_0\seed_2\cfg_a3c338c48838
atlas_het_boundary_stress__node_classification__graphatlas_no_cocycle__split0__seed3__6f5234e88848,6f5234e88848,13cd544cee4412a5,atlas_het_boundary_stress,node_classification,graphatlas_no_cocycle,graphatlas_no_cocycle,3,0,outputs\runs\atlas_het_boundary_stress\node_classification\graphatlas_no_cocycle\split_0\seed_3\cfg_6f5234e88848
atlas_het_boundary_stress__node_classification__graphatlas_no_cocycle__split0__seed4__dc6a3f95c0ec,dc6a3f95c0ec,13cd544cee4412a5,atlas_het_boundary_stress,node_classification,graphatlas_no_cocycle,graphatlas_no_cocycle,4,0,outputs\runs\atlas_het_boundary_stress\node_classification\graphatlas_no_cocycle\split_0\seed_4\cfg_dc6a3f95c0ec
atlas_het_boundary_stress__node_classification__graphatlas_no_cocycle__split0__seed5__7aaf967347d5,7aaf967347d5,13cd544cee4412a5,atlas_het_boundary_stress,node_classification,graphatlas_no_cocycle,graphatlas_no_cocycle,5,0,outputs\runs\atlas_het_boundary_stress\node_classification\graphatlas_no_cocycle\split_0\seed_5\cfg_7aaf967347d5
atlas_het_boundary_stress__node_classification__graphatlas_no_cocycle__split0__seed6__e3ee03f9f4d1,e3ee03f9f4d1,13cd544cee4412a5,atlas_het_boundary_stress,node_classification,graphatlas_no_cocycle,graphatlas_no_cocycle,6,0,outputs\runs\atlas_het_boundary_stress\node_classification\graphatlas_no_cocycle\split_0\seed_6\cfg_e3ee03f9f4d1
atlas_het_boundary_stress__node_classification__graphatlas_no_cocycle__split0__seed7__54da82f7d0ba,54da82f7d0ba,13cd544cee4412a5,atlas_het_boundary_stress,node_classification,graphatlas_no_cocycle,graphatlas_no_cocycle,7,0,outputs\runs\atlas_het_boundary_stress\node_classification\graphatlas_no_cocycle\split_0\seed_7\cfg_54da82f7d0ba
atlas_het_boundary_stress__node_classification__graphatlas_no_cocycle__split0__seed8__e40a360af962,e40a360af962,13cd544cee4412a5,atlas_het_boundary_stress,node_classification,graphatlas_no_cocycle,graphatlas_no_cocycle,8,0,outputs\runs\atlas_het_boundary_stress\node_classification\graphatlas_no_cocycle\split_0\seed_8\cfg_e40a360af962
atlas_het_boundary_stress__node_classification__graphatlas_no_cocycle__split0__seed9__400210003f06,400210003f06,13cd544cee4412a5,atlas_het_boundary_stress,node_classification,graphatlas_no_cocycle,graphatlas_no_cocycle,9,0,outputs\runs\atlas_het_boundary_stress\node_classification\graphatlas_no_cocycle\split_0\seed_9\cfg_400210003f06
atlas_het_boundary_stress__node_classification__graphatlas_no_rank__split0__seed0__131e9ad77cc8,131e9ad77cc8,13cd544cee4412a5,atlas_het_boundary_stress,node_classification,graphatlas_no_rank,graphatlas_no_rank,0,0,outputs\runs\atlas_het_boundary_stress\node_classification\graphatlas_no_rank\split_0\seed_0\cfg_131e9ad77cc8
atlas_het_boundary_stress__node_classification__graphatlas_no_rank__split0__seed1__c0966e73f4c1,c0966e73f4c1,13cd544cee4412a5,atlas_het_boundary_stress,node_classification,graphatlas_no_rank,graphatlas_no_rank,1,0,outputs\runs\atlas_het_boundary_stress\node_classification\graphatlas_no_rank\split_0\seed_1\cfg_c0966e73f4c1
atlas_het_boundary_stress__node_classification__graphatlas_no_rank__split0__seed2__23730d397abc,23730d397abc,13cd544cee4412a5,atlas_het_boundary_stress,node_classification,graphatlas_no_rank,graphatlas_no_rank,2,0,outputs\runs\atlas_het_boundary_stress\node_classification\graphatlas_no_rank\split_0\seed_2\cfg_23730d397abc
atlas_het_boundary_stress__node_classification__graphatlas_no_rank__split0__seed3__dd2ec5c92f72,dd2ec5c92f72,13cd544cee4412a5,atlas_het_boundary_stress,node_classification,graphatlas_no_rank,graphatlas_no_rank,3,0,outputs\runs\atlas_het_boundary_stress\node_classification\graphatlas_no_rank\split_0\seed_3\cfg_dd2ec5c92f72
atlas_het_boundary_stress__node_classification__graphatlas_no_rank__split0__seed4__9f6edb8f80af,9f6edb8f80af,13cd544cee4412a5,atlas_het_boundary_stress,node_classification,graphatlas_no_rank,graphatlas_no_rank,4,0,outputs\runs\atlas_het_boundary_stress\node_classification\graphatlas_no_rank\split_0\seed_4\cfg_9f6edb8f80af
atlas_het_boundary_stress__node_classification__graphatlas_no_rank__split0__seed5__90ae25edfbbe,90ae25edfbbe,13cd544cee4412a5,atlas_het_boundary_stress,node_classification,graphatlas_no_rank,graphatlas_no_rank,5,0,outputs\runs\atlas_het_boundary_stress\node_classification\graphatlas_no_rank\split_0\seed_5\cfg_90ae25edfbbe
atlas_het_boundary_stress__node_classification__graphatlas_no_rank__split0__seed6__9a67a5eaecbe,9a67a5eaecbe,13cd544cee4412a5,atlas_het_boundary_stress,node_classification,graphatlas_no_rank,graphatlas_no_rank,6,0,outputs\runs\atlas_het_boundary_stress\node_classification\graphatlas_no_rank\split_0\seed_6\cfg_9a67a5eaecbe
atlas_het_boundary_stress__node_classification__graphatlas_no_rank__split0__seed7__ff854dbc597d,ff854dbc597d,13cd544cee4412a5,atlas_het_boundary_stress,node_classification,graphatlas_no_rank,graphatlas_no_rank,7,0,outputs\runs\atlas_het_boundary_stress\node_classification\graphatlas_no_rank\split_0\seed_7\cfg_ff854dbc597d
atlas_het_boundary_stress__node_classification__graphatlas_no_rank__split0__seed8__ee47dd53cb5a,ee47dd53cb5a,13cd544cee4412a5,atlas_het_boundary_stress,node_classification,graphatlas_no_rank,graphatlas_no_rank,8,0,outputs\runs\atlas_het_boundary_stress\node_classification\graphatlas_no_rank\split_0\seed_8\cfg_ee47dd53cb5a
atlas_het_boundary_stress__node_classification__graphatlas_no_rank__split0__seed9__010602f555c9,010602f555c9,13cd544cee4412a5,atlas_het_boundary_stress,node_classification,graphatlas_no_rank,graphatlas_no_rank,9,0,outputs\runs\atlas_het_boundary_stress\node_classification\graphatlas_no_rank\split_0\seed_9\cfg_010602f555c9
atlas_het_boundary_stress__node_classification__graphatlas_no_overlap__split0__seed0__95dcc17afc14,95dcc17afc14,13cd544cee4412a5,atlas_het_boundary_stress,node_classification,graphatlas_no_overlap,graphatlas_no_overlap,0,0,outputs\runs\atlas_het_boundary_stress\node_classification\graphatlas_no_overlap\split_0\seed_0\cfg_95dcc17afc14
atlas_het_boundary_stress__node_classification__graphatlas_no_overlap__split0__seed1__1e48012edb8c,1e48012edb8c,13cd544cee4412a5,atlas_het_boundary_stress,node_classification,graphatlas_no_overlap,graphatlas_no_overlap,1,0,outputs\runs\atlas_het_boundary_stress\node_classification\graphatlas_no_overlap\split_0\seed_1\cfg_1e48012edb8c
atlas_het_boundary_stress__node_classification__graphatlas_no_overlap__split0__seed2__250f2c535de0,250f2c535de0,13cd544cee4412a5,atlas_het_boundary_stress,node_classification,graphatlas_no_overlap,graphatlas_no_overlap,2,0,outputs\runs\atlas_het_boundary_stress\node_classification\graphatlas_no_overlap\split_0\seed_2\cfg_250f2c535de0
atlas_het_boundary_stress__node_classification__graphatlas_no_overlap__split0__seed3__36250967f62a,36250967f62a,13cd544cee4412a5,atlas_het_boundary_stress,node_classification,graphatlas_no_overlap,graphatlas_no_overlap,3,0,outputs\runs\atlas_het_boundary_stress\node_classification\graphatlas_no_overlap\split_0\seed_3\cfg_36250967f62a
atlas_het_boundary_stress__node_classification__graphatlas_no_overlap__split0__seed4__5eb07155cd23,5eb07155cd23,13cd544cee4412a5,atlas_het_boundary_stress,node_classification,graphatlas_no_overlap,graphatlas_no_overlap,4,0,outputs\runs\atlas_het_boundary_stress\node_classification\graphatlas_no_overlap\split_0\seed_4\cfg_5eb07155cd23
atlas_het_boundary_stress__node_classification__graphatlas_no_overlap__split0__seed5__4b2fc224ce41,4b2fc224ce41,13cd544cee4412a5,atlas_het_boundary_stress,node_classification,graphatlas_no_overlap,graphatlas_no_overlap,5,0,outputs\runs\atlas_het_boundary_stress\node_classification\graphatlas_no_overlap\split_0\seed_5\cfg_4b2fc224ce41
atlas_het_boundary_stress__node_classification__graphatlas_no_overlap__split0__seed6__93e52378cf6d,93e52378cf6d,13cd544cee4412a5,atlas_het_boundary_stress,node_classification,graphatlas_no_overlap,graphatlas_no_overlap,6,0,outputs\runs\atlas_het_boundary_stress\node_classification\graphatlas_no_overlap\split_0\seed_6\cfg_93e52378cf6d
atlas_het_boundary_stress__node_classification__graphatlas_no_overlap__split0__seed7__af4be89a1fe9,af4be89a1fe9,13cd544cee4412a5,atlas_het_boundary_stress,node_classification,graphatlas_no_overlap,graphatlas_no_overlap,7,0,outputs\runs\atlas_het_boundary_stress\node_classification\graphatlas_no_overlap\split_0\seed_7\cfg_af4be89a1fe9
atlas_het_boundary_stress__node_classification__graphatlas_no_overlap__split0__seed8__80c9186e4743,80c9186e4743,13cd544cee4412a5,atlas_het_boundary_stress,node_classification,graphatlas_no_overlap,graphatlas_no_overlap,8,0,outputs\runs\atlas_het_boundary_stress\node_classification\graphatlas_no_overlap\split_0\seed_8\cfg_80c9186e4743
atlas_het_boundary_stress__node_classification__graphatlas_no_overlap__split0__seed9__8f6cb855cfa2,8f6cb855cfa2,13cd544cee4412a5,atlas_het_boundary_stress,node_classification,graphatlas_no_overlap,graphatlas_no_overlap,9,0,outputs\runs\atlas_het_boundary_stress\node_classification\graphatlas_no_overlap\split_0\seed_9\cfg_8f6cb855cfa2
atlas_het_boundary_stress__node_classification__graphatlas__split0__seed0__f1bcb20facb0,f1bcb20facb0,13cd544cee4412a5,atlas_het_boundary_stress,node_classification,graphatlas,graphatlas,0,0,outputs\runs\atlas_het_boundary_stress\node_classification\graphatlas\split_0\seed_0\cfg_f1bcb20facb0
atlas_het_boundary_stress__node_classification__graphatlas__split0__seed1__7c50ca2e1d0b,7c50ca2e1d0b,13cd544cee4412a5,atlas_het_boundary_stress,node_classification,graphatlas,graphatlas,1,0,outputs\runs\atlas_het_boundary_stress\node_classification\graphatlas\split_0\seed_1\cfg_7c50ca2e1d0b
atlas_het_boundary_stress__node_classification__graphatlas__split0__seed2__11bee9f5600e,11bee9f5600e,13cd544cee4412a5,atlas_het_boundary_stress,node_classification,graphatlas,graphatlas,2,0,outputs\runs\atlas_het_boundary_stress\node_classification\graphatlas\split_0\seed_2\cfg_11bee9f5600e
atlas_het_boundary_stress__node_classification__graphatlas__split0__seed3__194775bbab53,194775bbab53,13cd544cee4412a5,atlas_het_boundary_stress,node_classification,graphatlas,graphatlas,3,0,outputs\runs\atlas_het_boundary_stress\node_classification\graphatlas\split_0\seed_3\cfg_194775bbab53
atlas_het_boundary_stress__node_classification__graphatlas__split0__seed4__252a1d3bd8e0,252a1d3bd8e0,13cd544cee4412a5,atlas_het_boundary_stress,node_classification,graphatlas,graphatlas,4,0,outputs\runs\atlas_het_boundary_stress\node_classification\graphatlas\split_0\seed_4\cfg_252a1d3bd8e0
atlas_het_boundary_stress__node_classification__graphatlas__split0__seed5__6cd5644daa32,6cd5644daa32,13cd544cee4412a5,atlas_het_boundary_stress,node_classification,graphatlas,graphatlas,5,0,outputs\runs\atlas_het_boundary_stress\node_classification\graphatlas\split_0\seed_5\cfg_6cd5644daa32
atlas_het_boundary_stress__node_classification__graphatlas__split0__seed6__a10e08a20580,a10e08a20580,13cd544cee4412a5,atlas_het_boundary_stress,node_classification,graphatlas,graphatlas,6,0,outputs\runs\atlas_het_boundary_stress\node_classification\graphatlas\split_0\seed_6\cfg_a10e08a20580
atlas_het_boundary_stress__node_classification__graphatlas__split0__seed7__9f9bbb7987f1,9f9bbb7987f1,13cd544cee4412a5,atlas_het_boundary_stress,node_classification,graphatlas,graphatlas,7,0,outputs\runs\atlas_het_boundary_stress\node_classification\graphatlas\split_0\seed_7\cfg_9f9bbb7987f1
atlas_het_boundary_stress__node_classification__graphatlas__split0__seed8__9d11f01f5aaf,9d11f01f5aaf,13cd544cee4412a5,atlas_het_boundary_stress,node_classification,graphatlas,graphatlas,8,0,outputs\runs\atlas_het_boundary_stress\node_classification\graphatlas\split_0\seed_8\cfg_9d11f01f5aaf
atlas_het_boundary_stress__node_classification__graphatlas__split0__seed9__02f744d6cf2c,02f744d6cf2c,13cd544cee4412a5,atlas_het_boundary_stress,node_classification,graphatlas,graphatlas,9,0,outputs\runs\atlas_het_boundary_stress\node_classification\graphatlas\split_0\seed_9\cfg_02f744d6cf2c
