dataset,task,model_graphatlas,metric_name,graphatlas_mean,graphatlas_std,graphatlas_runs,metric,source_id,paper_title,venue,year,table_id,source_url,dataset_version,feature_condition,split_protocol,model_published,mean,std,unit,n_runs,comparison_level,notes,mean_fraction,std_fraction,effective_comparison_level,compatibility_notes,delta_vs_published_mean
roman_empire,node_classification,graphatlas_free_transition,accuracy,0.7592657605806986,0.0105732939944,3,accuracy,platonov_iclr2023_official,A Critical Look at the Evaluation of GNNs under Heterophily: Are We Really Making Progress?,ICLR,2023,official results notebook,https://github.com/yandex-research/heterophilous-graphs/blob/main/notebooks/results.ipynb,hgb_iclr2023_v1,native,hgb_fixed_10,ResNet,65.88,0.38,percent,10.0,exact,Official repository aggregate. Layer count selected by validation performance.,0.6587999999999999,0.0038,exact,,0.10046576058069867
roman_empire,node_classification,graphatlas_free_transition,accuracy,0.7592657605806986,0.0105732939944,3,accuracy,platonov_iclr2023_official,A Critical Look at the Evaluation of GNNs under Heterophily: Are We Really Making Progress?,ICLR,2023,official results notebook,https://github.com/yandex-research/heterophilous-graphs/blob/main/notebooks/results.ipynb,hgb_iclr2023_v1,native,hgb_fixed_10,ResNet+SGC,73.9,0.51,percent,10.0,exact,Official repository aggregate. Layer count selected by validation performance.,0.7390000000000001,0.0051,exact,,0.02026576058069851
roman_empire,node_classification,graphatlas_free_transition,accuracy,0.7592657605806986,0.0105732939944,3,accuracy,platonov_iclr2023_official,A Critical Look at the Evaluation of GNNs under Heterophily: Are We Really Making Progress?,ICLR,2023,official results notebook,https://github.com/yandex-research/heterophilous-graphs/blob/main/notebooks/results.ipynb,hgb_iclr2023_v1,native,hgb_fixed_10,ResNet+adj,52.25,0.4,percent,10.0,exact,Official repository aggregate. Layer count selected by validation performance.,0.5225,0.004,exact,,0.23676576058069865
roman_empire,node_classification,graphatlas_free_transition,accuracy,0.7592657605806986,0.0105732939944,3,accuracy,platonov_iclr2023_official,A Critical Look at the Evaluation of GNNs under Heterophily: Are We Really Making Progress?,ICLR,2023,official results notebook,https://github.com/yandex-research/heterophilous-graphs/blob/main/notebooks/results.ipynb,hgb_iclr2023_v1,native,hgb_fixed_10,GCN,73.69,0.74,percent,10.0,exact,Official repository aggregate. Layer count selected by validation performance.,0.7369,0.0074,exact,,0.022365760580698613
roman_empire,node_classification,graphatlas_free_transition,accuracy,0.7592657605806986,0.0105732939944,3,accuracy,platonov_iclr2023_official,A Critical Look at the Evaluation of GNNs under Heterophily: Are We Really Making Progress?,ICLR,2023,official results notebook,https://github.com/yandex-research/heterophilous-graphs/blob/main/notebooks/results.ipynb,hgb_iclr2023_v1,native,hgb_fixed_10,SAGE,85.74,0.67,percent,10.0,exact,Official repository aggregate. Layer count selected by validation performance.,0.8573999999999999,0.0067,exact,,-0.09813423941930133
roman_empire,node_classification,graphatlas_free_transition,accuracy,0.7592657605806986,0.0105732939944,3,accuracy,platonov_iclr2023_official,A Critical Look at the Evaluation of GNNs under Heterophily: Are We Really Making Progress?,ICLR,2023,official results notebook,https://github.com/yandex-research/heterophilous-graphs/blob/main/notebooks/results.ipynb,hgb_iclr2023_v1,native,hgb_fixed_10,GAT,80.87,0.3,percent,10.0,exact,Official repository aggregate. Layer count selected by validation performance.,0.8087000000000001,0.003,exact,,-0.04943423941930147
roman_empire,node_classification,graphatlas_free_transition,accuracy,0.7592657605806986,0.0105732939944,3,accuracy,platonov_iclr2023_official,A Critical Look at the Evaluation of GNNs under Heterophily: Are We Really Making Progress?,ICLR,2023,official results notebook,https://github.com/yandex-research/heterophilous-graphs/blob/main/notebooks/results.ipynb,hgb_iclr2023_v1,native,hgb_fixed_10,GAT-sep,88.75,0.41,percent,10.0,exact,Official repository aggregate. Layer count selected by validation performance.,0.8875,0.0040999999999999995,exact,,-0.12823423941930134
roman_empire,node_classification,graphatlas_free_transition,accuracy,0.7592657605806986,0.0105732939944,3,accuracy,platonov_iclr2023_official,A Critical Look at the Evaluation of GNNs under Heterophily: Are We Really Making Progress?,ICLR,2023,official results notebook,https://github.com/yandex-research/heterophilous-graphs/blob/main/notebooks/results.ipynb,hgb_iclr2023_v1,native,hgb_fixed_10,GT,86.51,0.73,percent,10.0,exact,Official repository aggregate. Layer count selected by validation performance.,0.8651000000000001,0.0073,exact,,-0.10583423941930148
roman_empire,node_classification,graphatlas_free_transition,accuracy,0.7592657605806986,0.0105732939944,3,accuracy,platonov_iclr2023_official,A Critical Look at the Evaluation of GNNs under Heterophily: Are We Really Making Progress?,ICLR,2023,official results notebook,https://github.com/yandex-research/heterophilous-graphs/blob/main/notebooks/results.ipynb,hgb_iclr2023_v1,native,hgb_fixed_10,GT-sep,87.32,0.39,percent,10.0,exact,Official repository aggregate. Layer count selected by validation performance.,0.8732,0.0039000000000000003,exact,,-0.11393423941930136
roman_empire,node_classification,graphatlas_no_cocycle,accuracy,0.7656782865524292,0.010496893127131937,3,accuracy,platonov_iclr2023_official,A Critical Look at the Evaluation of GNNs under Heterophily: Are We Really Making Progress?,ICLR,2023,official results notebook,https://github.com/yandex-research/heterophilous-graphs/blob/main/notebooks/results.ipynb,hgb_iclr2023_v1,native,hgb_fixed_10,ResNet,65.88,0.38,percent,10.0,exact,Official repository aggregate. Layer count selected by validation performance.,0.6587999999999999,0.0038,exact,,0.10687828655242926
roman_empire,node_classification,graphatlas_no_cocycle,accuracy,0.7656782865524292,0.010496893127131937,3,accuracy,platonov_iclr2023_official,A Critical Look at the Evaluation of GNNs under Heterophily: Are We Really Making Progress?,ICLR,2023,official results notebook,https://github.com/yandex-research/heterophilous-graphs/blob/main/notebooks/results.ipynb,hgb_iclr2023_v1,native,hgb_fixed_10,ResNet+SGC,73.9,0.51,percent,10.0,exact,Official repository aggregate. Layer count selected by validation performance.,0.7390000000000001,0.0051,exact,,0.026678286552429098
roman_empire,node_classification,graphatlas_no_cocycle,accuracy,0.7656782865524292,0.010496893127131937,3,accuracy,platonov_iclr2023_official,A Critical Look at the Evaluation of GNNs under Heterophily: Are We Really Making Progress?,ICLR,2023,official results notebook,https://github.com/yandex-research/heterophilous-graphs/blob/main/notebooks/results.ipynb,hgb_iclr2023_v1,native,hgb_fixed_10,ResNet+adj,52.25,0.4,percent,10.0,exact,Official repository aggregate. Layer count selected by validation performance.,0.5225,0.004,exact,,0.24317828655242923
roman_empire,node_classification,graphatlas_no_cocycle,accuracy,0.7656782865524292,0.010496893127131937,3,accuracy,platonov_iclr2023_official,A Critical Look at the Evaluation of GNNs under Heterophily: Are We Really Making Progress?,ICLR,2023,official results notebook,https://github.com/yandex-research/heterophilous-graphs/blob/main/notebooks/results.ipynb,hgb_iclr2023_v1,native,hgb_fixed_10,GCN,73.69,0.74,percent,10.0,exact,Official repository aggregate. Layer count selected by validation performance.,0.7369,0.0074,exact,,0.0287782865524292
roman_empire,node_classification,graphatlas_no_cocycle,accuracy,0.7656782865524292,0.010496893127131937,3,accuracy,platonov_iclr2023_official,A Critical Look at the Evaluation of GNNs under Heterophily: Are We Really Making Progress?,ICLR,2023,official results notebook,https://github.com/yandex-research/heterophilous-graphs/blob/main/notebooks/results.ipynb,hgb_iclr2023_v1,native,hgb_fixed_10,SAGE,85.74,0.67,percent,10.0,exact,Official repository aggregate. Layer count selected by validation performance.,0.8573999999999999,0.0067,exact,,-0.09172171344757074
roman_empire,node_classification,graphatlas_no_cocycle,accuracy,0.7656782865524292,0.010496893127131937,3,accuracy,platonov_iclr2023_official,A Critical Look at the Evaluation of GNNs under Heterophily: Are We Really Making Progress?,ICLR,2023,official results notebook,https://github.com/yandex-research/heterophilous-graphs/blob/main/notebooks/results.ipynb,hgb_iclr2023_v1,native,hgb_fixed_10,GAT,80.87,0.3,percent,10.0,exact,Official repository aggregate. Layer count selected by validation performance.,0.8087000000000001,0.003,exact,,-0.043021713447570886
roman_empire,node_classification,graphatlas_no_cocycle,accuracy,0.7656782865524292,0.010496893127131937,3,accuracy,platonov_iclr2023_official,A Critical Look at the Evaluation of GNNs under Heterophily: Are We Really Making Progress?,ICLR,2023,official results notebook,https://github.com/yandex-research/heterophilous-graphs/blob/main/notebooks/results.ipynb,hgb_iclr2023_v1,native,hgb_fixed_10,GAT-sep,88.75,0.41,percent,10.0,exact,Official repository aggregate. Layer count selected by validation performance.,0.8875,0.0040999999999999995,exact,,-0.12182171344757076
roman_empire,node_classification,graphatlas_no_cocycle,accuracy,0.7656782865524292,0.010496893127131937,3,accuracy,platonov_iclr2023_official,A Critical Look at the Evaluation of GNNs under Heterophily: Are We Really Making Progress?,ICLR,2023,official results notebook,https://github.com/yandex-research/heterophilous-graphs/blob/main/notebooks/results.ipynb,hgb_iclr2023_v1,native,hgb_fixed_10,GT,86.51,0.73,percent,10.0,exact,Official repository aggregate. Layer count selected by validation performance.,0.8651000000000001,0.0073,exact,,-0.09942171344757089
roman_empire,node_classification,graphatlas_no_cocycle,accuracy,0.7656782865524292,0.010496893127131937,3,accuracy,platonov_iclr2023_official,A Critical Look at the Evaluation of GNNs under Heterophily: Are We Really Making Progress?,ICLR,2023,official results notebook,https://github.com/yandex-research/heterophilous-graphs/blob/main/notebooks/results.ipynb,hgb_iclr2023_v1,native,hgb_fixed_10,GT-sep,87.32,0.39,percent,10.0,exact,Official repository aggregate. Layer count selected by validation performance.,0.8732,0.0039000000000000003,exact,,-0.10752171344757078
roman_empire,node_classification,graphatlas_no_metric,accuracy,0.764501670996348,0.011634150076212282,3,accuracy,platonov_iclr2023_official,A Critical Look at the Evaluation of GNNs under Heterophily: Are We Really Making Progress?,ICLR,2023,official results notebook,https://github.com/yandex-research/heterophilous-graphs/blob/main/notebooks/results.ipynb,hgb_iclr2023_v1,native,hgb_fixed_10,ResNet,65.88,0.38,percent,10.0,exact,Official repository aggregate. Layer count selected by validation performance.,0.6587999999999999,0.0038,exact,,0.10570167099634808
roman_empire,node_classification,graphatlas_no_metric,accuracy,0.764501670996348,0.011634150076212282,3,accuracy,platonov_iclr2023_official,A Critical Look at the Evaluation of GNNs under Heterophily: Are We Really Making Progress?,ICLR,2023,official results notebook,https://github.com/yandex-research/heterophilous-graphs/blob/main/notebooks/results.ipynb,hgb_iclr2023_v1,native,hgb_fixed_10,ResNet+SGC,73.9,0.51,percent,10.0,exact,Official repository aggregate. Layer count selected by validation performance.,0.7390000000000001,0.0051,exact,,0.025501670996347925
roman_empire,node_classification,graphatlas_no_metric,accuracy,0.764501670996348,0.011634150076212282,3,accuracy,platonov_iclr2023_official,A Critical Look at the Evaluation of GNNs under Heterophily: Are We Really Making Progress?,ICLR,2023,official results notebook,https://github.com/yandex-research/heterophilous-graphs/blob/main/notebooks/results.ipynb,hgb_iclr2023_v1,native,hgb_fixed_10,ResNet+adj,52.25,0.4,percent,10.0,exact,Official repository aggregate. Layer count selected by validation performance.,0.5225,0.004,exact,,0.24200167099634806
roman_empire,node_classification,graphatlas_no_metric,accuracy,0.764501670996348,0.011634150076212282,3,accuracy,platonov_iclr2023_official,A Critical Look at the Evaluation of GNNs under Heterophily: Are We Really Making Progress?,ICLR,2023,official results notebook,https://github.com/yandex-research/heterophilous-graphs/blob/main/notebooks/results.ipynb,hgb_iclr2023_v1,native,hgb_fixed_10,GCN,73.69,0.74,percent,10.0,exact,Official repository aggregate. Layer count selected by validation performance.,0.7369,0.0074,exact,,0.027601670996348027
roman_empire,node_classification,graphatlas_no_metric,accuracy,0.764501670996348,0.011634150076212282,3,accuracy,platonov_iclr2023_official,A Critical Look at the Evaluation of GNNs under Heterophily: Are We Really Making Progress?,ICLR,2023,official results notebook,https://github.com/yandex-research/heterophilous-graphs/blob/main/notebooks/results.ipynb,hgb_iclr2023_v1,native,hgb_fixed_10,SAGE,85.74,0.67,percent,10.0,exact,Official repository aggregate. Layer count selected by validation performance.,0.8573999999999999,0.0067,exact,,-0.09289832900365191
roman_empire,node_classification,graphatlas_no_metric,accuracy,0.764501670996348,0.011634150076212282,3,accuracy,platonov_iclr2023_official,A Critical Look at the Evaluation of GNNs under Heterophily: Are We Really Making Progress?,ICLR,2023,official results notebook,https://github.com/yandex-research/heterophilous-graphs/blob/main/notebooks/results.ipynb,hgb_iclr2023_v1,native,hgb_fixed_10,GAT,80.87,0.3,percent,10.0,exact,Official repository aggregate. Layer count selected by validation performance.,0.8087000000000001,0.003,exact,,-0.04419832900365206
roman_empire,node_classification,graphatlas_no_metric,accuracy,0.764501670996348,0.011634150076212282,3,accuracy,platonov_iclr2023_official,A Critical Look at the Evaluation of GNNs under Heterophily: Are We Really Making Progress?,ICLR,2023,official results notebook,https://github.com/yandex-research/heterophilous-graphs/blob/main/notebooks/results.ipynb,hgb_iclr2023_v1,native,hgb_fixed_10,GAT-sep,88.75,0.41,percent,10.0,exact,Official repository aggregate. Layer count selected by validation performance.,0.8875,0.0040999999999999995,exact,,-0.12299832900365193
roman_empire,node_classification,graphatlas_no_metric,accuracy,0.764501670996348,0.011634150076212282,3,accuracy,platonov_iclr2023_official,A Critical Look at the Evaluation of GNNs under Heterophily: Are We Really Making Progress?,ICLR,2023,official results notebook,https://github.com/yandex-research/heterophilous-graphs/blob/main/notebooks/results.ipynb,hgb_iclr2023_v1,native,hgb_fixed_10,GT,86.51,0.73,percent,10.0,exact,Official repository aggregate. Layer count selected by validation performance.,0.8651000000000001,0.0073,exact,,-0.10059832900365206
roman_empire,node_classification,graphatlas_no_metric,accuracy,0.764501670996348,0.011634150076212282,3,accuracy,platonov_iclr2023_official,A Critical Look at the Evaluation of GNNs under Heterophily: Are We Really Making Progress?,ICLR,2023,official results notebook,https://github.com/yandex-research/heterophilous-graphs/blob/main/notebooks/results.ipynb,hgb_iclr2023_v1,native,hgb_fixed_10,GT-sep,87.32,0.39,percent,10.0,exact,Official repository aggregate. Layer count selected by validation performance.,0.8732,0.0039000000000000003,exact,,-0.10869832900365195
roman_empire,node_classification,graphatlas_no_transport,accuracy,0.7525591055552164,0.0060136693869698886,3,accuracy,platonov_iclr2023_official,A Critical Look at the Evaluation of GNNs under Heterophily: Are We Really Making Progress?,ICLR,2023,official results notebook,https://github.com/yandex-research/heterophilous-graphs/blob/main/notebooks/results.ipynb,hgb_iclr2023_v1,native,hgb_fixed_10,ResNet,65.88,0.38,percent,10.0,exact,Official repository aggregate. Layer count selected by validation performance.,0.6587999999999999,0.0038,exact,,0.0937591055552165
roman_empire,node_classification,graphatlas_no_transport,accuracy,0.7525591055552164,0.0060136693869698886,3,accuracy,platonov_iclr2023_official,A Critical Look at the Evaluation of GNNs under Heterophily: Are We Really Making Progress?,ICLR,2023,official results notebook,https://github.com/yandex-research/heterophilous-graphs/blob/main/notebooks/results.ipynb,hgb_iclr2023_v1,native,hgb_fixed_10,ResNet+SGC,73.9,0.51,percent,10.0,exact,Official repository aggregate. Layer count selected by validation performance.,0.7390000000000001,0.0051,exact,,0.013559105555216333
roman_empire,node_classification,graphatlas_no_transport,accuracy,0.7525591055552164,0.0060136693869698886,3,accuracy,platonov_iclr2023_official,A Critical Look at the Evaluation of GNNs under Heterophily: Are We Really Making Progress?,ICLR,2023,official results notebook,https://github.com/yandex-research/heterophilous-graphs/blob/main/notebooks/results.ipynb,hgb_iclr2023_v1,native,hgb_fixed_10,ResNet+adj,52.25,0.4,percent,10.0,exact,Official repository aggregate. Layer count selected by validation performance.,0.5225,0.004,exact,,0.23005910555521647
roman_empire,node_classification,graphatlas_no_transport,accuracy,0.7525591055552164,0.0060136693869698886,3,accuracy,platonov_iclr2023_official,A Critical Look at the Evaluation of GNNs under Heterophily: Are We Really Making Progress?,ICLR,2023,official results notebook,https://github.com/yandex-research/heterophilous-graphs/blob/main/notebooks/results.ipynb,hgb_iclr2023_v1,native,hgb_fixed_10,GCN,73.69,0.74,percent,10.0,exact,Official repository aggregate. Layer count selected by validation performance.,0.7369,0.0074,exact,,0.015659105555216435
roman_empire,node_classification,graphatlas_no_transport,accuracy,0.7525591055552164,0.0060136693869698886,3,accuracy,platonov_iclr2023_official,A Critical Look at the Evaluation of GNNs under Heterophily: Are We Really Making Progress?,ICLR,2023,official results notebook,https://github.com/yandex-research/heterophilous-graphs/blob/main/notebooks/results.ipynb,hgb_iclr2023_v1,native,hgb_fixed_10,SAGE,85.74,0.67,percent,10.0,exact,Official repository aggregate. Layer count selected by validation performance.,0.8573999999999999,0.0067,exact,,-0.1048408944447835
roman_empire,node_classification,graphatlas_no_transport,accuracy,0.7525591055552164,0.0060136693869698886,3,accuracy,platonov_iclr2023_official,A Critical Look at the Evaluation of GNNs under Heterophily: Are We Really Making Progress?,ICLR,2023,official results notebook,https://github.com/yandex-research/heterophilous-graphs/blob/main/notebooks/results.ipynb,hgb_iclr2023_v1,native,hgb_fixed_10,GAT,80.87,0.3,percent,10.0,exact,Official repository aggregate. Layer count selected by validation performance.,0.8087000000000001,0.003,exact,,-0.05614089444478365
roman_empire,node_classification,graphatlas_no_transport,accuracy,0.7525591055552164,0.0060136693869698886,3,accuracy,platonov_iclr2023_official,A Critical Look at the Evaluation of GNNs under Heterophily: Are We Really Making Progress?,ICLR,2023,official results notebook,https://github.com/yandex-research/heterophilous-graphs/blob/main/notebooks/results.ipynb,hgb_iclr2023_v1,native,hgb_fixed_10,GAT-sep,88.75,0.41,percent,10.0,exact,Official repository aggregate. Layer count selected by validation performance.,0.8875,0.0040999999999999995,exact,,-0.13494089444478352
roman_empire,node_classification,graphatlas_no_transport,accuracy,0.7525591055552164,0.0060136693869698886,3,accuracy,platonov_iclr2023_official,A Critical Look at the Evaluation of GNNs under Heterophily: Are We Really Making Progress?,ICLR,2023,official results notebook,https://github.com/yandex-research/heterophilous-graphs/blob/main/notebooks/results.ipynb,hgb_iclr2023_v1,native,hgb_fixed_10,GT,86.51,0.73,percent,10.0,exact,Official repository aggregate. Layer count selected by validation performance.,0.8651000000000001,0.0073,exact,,-0.11254089444478366
roman_empire,node_classification,graphatlas_no_transport,accuracy,0.7525591055552164,0.0060136693869698886,3,accuracy,platonov_iclr2023_official,A Critical Look at the Evaluation of GNNs under Heterophily: Are We Really Making Progress?,ICLR,2023,official results notebook,https://github.com/yandex-research/heterophilous-graphs/blob/main/notebooks/results.ipynb,hgb_iclr2023_v1,native,hgb_fixed_10,GT-sep,87.32,0.39,percent,10.0,exact,Official repository aggregate. Layer count selected by validation performance.,0.8732,0.0039000000000000003,exact,,-0.12064089444478354
